Team,Elo
1,1527
2,1450
3,1450
4,1552
5,1456
6,1450
7,1449
8,1623
9,1462
10,1450
11,1563
12,1450
13,1450
14,1450
15,1450
16,1697
17,1450
18,1450
19,1448
20,1655
21,1530
22,1455
23,1507
24,1450
25,1649
26,1450
27,1698
28,1486
29,1450
30,1454
31,1504
32,1450
33,1692
34,1515
35,1454
36,1450
37,1450
38,1461
39,1479
40,1498
41,1568
42,1453
43,1450
44,1450
45,1538
46,1447
47,1474
48,1570
49,1466
50,1450
51,1639
52,1450
53,1463
54,1450
55,1450
56,1625
57,1506
58,1590
59,1614
60,1537
61,1584
62,1450
63,1537
64,1463
65,1469
66,1582
67,1696
68,1526
69,1580
70,1571
71,1619
72,1450
73,1444
74,1572
75,1573
76,1450
77,1450
78,1654
79,1493
80,1454
81,1431
82,1450
83,1450
84,1455
85,1624
86,1590
87,1466
88,1660
89,1450
90,1450
91,1450
92,1449
93,1525
94,1515
95,1660
96,1447
97,1507
98,1450
99,1450
100,1488
101,1506
102,1563
103,1640
104,1456
105,1450
106,1450
107,1602
108,1537
109,1451
110,1450
111,1639
112,1451
113,1450
114,1530
115,1673
116,1494
117,1500
118,1712
119,1450
120,1557
121,1577
122,1544
123,1542
124,1450
125,1646
126,1597
127,1450
128,1490
129,1450
130,1450
131,1567
132,1450
133,1704
134,1476
135,1571
136,1441
137,1450
138,1545
139,1450
140,1449
141,1587
142,1450
143,1450
144,1546
145,1552
146,1450
147,1458
148,1768
149,1450
150,1450
151,1517
152,1450
153,1450
154,1450
155,1481
156,1533
157,1538
158,1458
159,1495
160,1450
161,1450
162,1450
163,1450
164,1450
165,1452
166,1591
167,1564
168,1460
169,1450
170,1450
171,1503
172,1584
173,1565
174,1488
175,1577
176,1698
177,1686
178,1531
179,1682
180,1627
181,1598
182,1448
183,1450
184,1458
185,1450
186,1451
187,1450
188,1663
189,1450
190,1549
191,1526
192,1544
193,1534
194,1450
195,1684
196,1450
197,1450
198,1450
199,1487
200,1450
201,1528
202,1450
203,1573
204,1510
205,1450
206,1450
207,1547
208,1450
209,1449
210,1450
211,1456
212,1453
213,1513
214,1450
215,1450
216,1537
217,1607
218,1450
219,1552
220,1450
221,1450
222,1603
223,1575
224,1518
225,1692
226,1648
227,1450
228,1613
229,1531
230,1634
231,1634
232,1450
233,1600
234,1659
235,1456
236,1585
237,1565
238,1624
239,1450
240,1514
241,1465
242,1450
243,1450
244,1540
245,1616
246,1503
247,1497
248,1450
249,1451
250,1535
251,1450
252,1450
253,1522
254,1740
255,1449
256,1450
257,1450
258,1450
259,1452
260,1450
261,1450
262,1450
263,1564
264,1450
265,1454
266,1450
267,1451
268,1450
269,1546
270,1456
271,1548
272,1559
273,1450
274,1453
275,1450
276,1446
277,1450
278,1451
279,1487
280,1497
281,1533
282,1450
283,1504
284,1458
285,1450
286,1450
287,1556
288,1515
289,1450
290,1450
291,1565
292,1503
293,1521
294,1648
295,1510
296,1514
297,1455
298,1452
299,1495
300,1446
301,1454
302,1595
303,1636
304,1490
305,1450
306,1465
307,1450
308,1584
309,1450
310,1450
311,1462
312,1461
313,1490
314,1570
315,1450
316,1602
317,1453
318,1450
319,1639
320,1450
321,1545
322,1467
323,1556
324,1533
325,1433
326,1495
327,1450
328,1450
329,1563
330,1699
331,1449
332,1450
333,1559
334,1531
335,1425
336,1450
337,1520
338,1450
339,1562
340,1661
341,1540
342,1590
343,1552
344,1450
345,1449
346,1612
347,1450
348,1522
349,1450
350,1447
351,1450
352,1401
353,1501
354,1536
355,1450
356,1456
357,1497
358,1549
359,1637
360,1573
361,1450
362,1438
363,1450
364,1629
365,1690
366,1450
367,1452
368,1631
369,1527
370,1450
371,1421
372,1458
373,1448
374,1445
375,1494
376,1452
377,1450
378,1535
379,1581
380,1442
381,1460
382,1453
383,1522
384,1596
385,1450
386,1589
387,1450
388,1468
389,1450
390,1450
391,1446
392,1450
393,1451
394,1448
395,1497
396,1450
397,1470
398,1452
399,1555
400,1452
401,1604
402,1450
403,1450
404,1450
405,1448
406,1445
407,1448
408,1442
409,1446
410,1450
411,1451
412,1450
413,1450
414,1455
415,1470
416,1446
417,1454
418,1612
419,1449
420,1450
421,1447
422,1546
423,1520
424,1460
425,1464
426,1450
427,1450
428,1450
429,1450
430,1450
431,1450
432,1450
433,1586
434,1450
435,1551
436,1450
437,1448
438,1450
439,1450
440,1459
441,1496
442,1436
443,1450
444,1449
445,1450
446,1451
447,1538
448,1453
449,1590
450,1450
451,1475
452,1450
453,1490
454,1450
455,1450
456,1593
457,1501
458,1450
459,1449
460,1450
461,1586
462,1447
463,1450
464,1450
465,1450
466,1450
467,1537
468,1484
469,1541
470,1533
471,1449
472,1450
473,1464
474,1450
475,1450
476,1489
477,1450
478,1449
479,1450
480,1451
481,1451
482,1450
483,1450
484,1556
485,1450
486,1537
487,1447
488,1574
489,1450
490,1450
491,1447
492,1574
493,1451
494,1595
495,1450
496,1428
497,1450
498,1577
499,1441
500,1451
501,1586
502,1448
503,1633
504,1450
505,1449
506,1452
507,1450
508,1450
509,1582
510,1455
511,1450
512,1448
513,1448
514,1495
515,1462
516,1450
517,1450
518,1457
519,1462
520,1450
521,1453
522,1423
523,1450
524,1452
525,1637
526,1450
527,1560
528,1454
529,1444
530,1450
531,1450
532,1450
533,1513
534,1450
535,1451
536,1450
537,1545
538,1488
539,1535
540,1504
541,1454
542,1450
543,1450
544,1450
545,1421
546,1457
547,1464
548,1631
549,1464
550,1452
551,1448
552,1450
553,1450
554,1560
555,1510
556,1450
557,1446
558,1605
559,1450
560,1453
561,1450
562,1463
563,1459
564,1475
565,1451
566,1448
567,1450
568,1499
569,1465
570,1449
571,1560
572,1450
573,1581
574,1448
575,1450
576,1451
577,1450
578,1546
579,1450
580,1511
581,1487
582,1451
583,1449
584,1450
585,1441
586,1450
587,1553
588,1446
589,1532
590,1398
591,1450
592,1450
593,1450
594,1450
595,1450
596,1452
597,1549
598,1452
599,1541
600,1447
601,1483
602,1449
603,1450
604,1654
605,1447
606,1411
607,1451
608,1450
609,1451
610,1678
611,1506
612,1562
613,1463
614,1611
615,1448
616,1451
617,1457
618,1445
619,1554
620,1542
621,1450
622,1449
623,1601
624,1652
625,1450
626,1450
627,1450
628,1450
629,1450
630,1450
631,1450
632,1451
633,1446
634,1454
635,1453
636,1448
637,1457
638,1447
639,1584
640,1437
641,1448
642,1449
643,1451
644,1447
645,1448
646,1450
647,1480
648,1486
649,1633
650,1459
651,1457
652,1447
653,1445
654,1452
655,1451
656,1450
657,1450
658,1454
659,1450
660,1450
661,1450
662,1528
663,1577
664,1450
665,1454
666,1450
667,1450
668,1468
669,1450
670,1531
671,1450
672,1450
673,1450
674,1450
675,1460
676,1450
677,1509
678,1450
679,1451
680,1450
681,1450
682,1450
683,1450
684,1450
685,1450
686,1513
687,1603
688,1449
689,1450
690,1448
691,1494
692,1428
693,1450
694,1696
695,1484
696,1533
697,1451
698,1457
699,1450
700,1450
701,1549
702,1558
703,1505
704,1501
705,1450
706,1500
707,1450
708,1563
709,1546
710,1459
711,1448
712,1450
713,1449
714,1487
715,1450
716,1597
717,1450
718,1450
719,1450
720,1450
721,1450
722,1450
723,1450
724,1450
725,1450
726,1450
727,1450
728,1450
729,1450
730,1450
731,1450
732,1450
733,1450
734,1450
735,1450
736,1450
737,1450
738,1450
739,1450
740,1450
741,1450
742,1450
743,1478
744,1583
745,1450
746,1539
747,1634
748,1450
749,1450
750,1450
751,1475
752,1468
753,1501
754,1447
755,1450
756,1450
757,1450
758,1446
759,1450
760,1450
761,1450
762,1455
763,1450
764,1448
765,1446
766,1473
767,1450
768,1470
769,1449
770,1450
771,1495
772,1601
773,1435
774,1450
775,1450
776,1447
777,1450
778,1450
779,1450
780,1451
781,1481
782,1459
783,1452
784,1450
785,1450
786,1450
787,1450
788,1450
789,1450
790,1450
791,1450
792,1450
793,1450
794,1450
795,1450
796,1450
797,1450
798,1450
799,1450
800,1450
801,1474
802,1449
803,1450
804,1448
805,1447
806,1460
807,1449
808,1462
809,1460
810,1515
811,1569
812,1531
813,1450
814,1453
815,1500
816,1480
817,1450
818,1530
819,1450
820,1445
821,1450
822,1450
823,1450
824,1451
825,1452
826,1450
827,1448
828,1450
829,1560
830,1504
831,1450
832,1565
833,1451
834,1616
835,1523
836,1650
837,1449
838,1450
839,1522
840,1459
841,1469
842,1648
843,1460
844,1450
845,1467
846,1596
847,1569
848,1450
849,1455
850,1450
851,1454
852,1501
853,1450
854,1506
855,1450
856,1450
857,1555
858,1499
859,1454
860,1450
861,1449
862,1673
863,1450
864,1450
865,1601
866,1447
867,1524
868,1617
869,1541
870,1660
871,1504
872,1452
873,1449
874,1453
875,1447
876,1628
877,1419
878,1450
879,1449
880,1452
881,1449
882,1450
883,1448
884,1452
885,1512
886,1451
887,1449
888,1567
889,1451
890,1450
891,1452
892,1454
893,1450
894,1520
895,1450
896,1443
897,1449
898,1451
899,1451
900,1534
901,1449
902,1453
903,1462
904,1541
905,1446
906,1449
907,1553
908,1447
909,1456
910,1619
911,1450
912,1446
913,1449
914,1448
915,1449
916,1450
917,1447
918,1451
919,1433
920,1449
921,1450
922,1455
923,1450
924,1450
925,1449
926,1452
927,1448
928,1455
929,1450
930,1603
931,1507
932,1558
933,1455
934,1451
935,1529
936,1453
937,1425
938,1439
939,1450
940,1449
941,1448
942,1451
943,1449
944,1450
945,1487
946,1449
947,1450
948,1596
949,1528
950,1452
951,1450
952,1450
953,1453
954,1444
955,1476
956,1481
957,1552
958,1450
959,1450
960,1449
961,1454
962,1449
963,1461
964,1445
965,1450
966,1447
967,1578
968,1503
969,1449
970,1452
971,1686
972,1499
973,1739
974,1445
975,1463
976,1450
977,1595
978,1450
979,1448
980,1474
981,1487
982,1455
983,1450
984,1448
985,1450
986,1450
987,1727
988,1416
989,1454
990,1445
991,1540
992,1452
993,1450
994,1450
995,1455
996,1468
997,1592
998,1453
999,1535
1000,1459
1001,1473
1002,1554
1003,1450
1004,1450
1005,1452
1006,1458
1007,1450
1008,1460
1009,1450
1010,1452
1011,1579
1012,1450
1013,1457
1014,1499
1015,1457
1016,1447
1017,1451
1018,1571
1019,1453
1020,1448
1021,1450
1022,1454
1023,1675
1024,1600
1025,1641
1026,1448
1027,1480
1028,1449
1029,1444
1030,1453
1031,1456
1032,1450
1033,1464
1034,1444
1035,1449
1036,1451
1037,1452
1038,1486
1039,1452
1040,1451
1041,1446
1042,1449
1043,1448
1044,1450
1045,1449
1046,1452
1047,1440
1048,1447
1049,1444
1050,1450
1051,1513
1052,1448
1053,1437
1054,1453
1055,1450
1056,1530
1057,1454
1058,1575
1059,1448
1060,1447
1061,1450
1062,1443
1063,1447
1064,1448
1065,1554
1066,1450
1067,1450
1068,1446
1069,1452
1070,1451
1071,1596
1072,1550
1073,1576
1074,1450
1075,1503
1076,1514
1077,1451
1078,1450
1079,1452
1080,1508
1081,1447
1082,1449
1083,1456
1084,1455
1085,1453
1086,1591
1087,1454
1088,1453
1089,1568
1090,1450
1091,1527
1092,1448
1093,1448
1094,1548
1095,1452
1096,1449
1097,1453
1098,1475
1099,1537
1100,1543
1101,1450
1102,1664
1103,1462
1104,1456
1105,1449
1106,1452
1107,1450
1108,1496
1109,1444
1110,1448
1111,1532
1112,1449
1113,1453
1114,1681
1115,1448
1116,1449
1117,1450
1118,1449
1119,1450
1120,1455
1121,1450
1122,1450
1123,1530
1124,1456
1125,1451
1126,1546
1127,1432
1128,1450
1129,1449
1130,1450
1131,1452
1132,1448
1133,1450
1134,1450
1135,1447
1136,1451
1137,1462
1138,1567
1139,1454
1140,1452
1141,1463
1142,1450
1143,1532
1144,1459
1145,1450
1146,1448
1147,1448
1148,1471
1149,1449
1150,1449
1151,1451
1152,1445
1153,1605
1154,1449
1155,1555
1156,1572
1157,1471
1158,1487
1159,1521
1160,1521
1161,1450
1162,1449
1163,1445
1164,1522
1165,1481
1166,1451
1167,1453
1168,1549
1169,1447
1170,1450
1171,1450
1172,1449
1173,1450
1174,1450
1175,1450
1176,1450
1177,1447
1178,1525
1179,1450
1180,1450
1181,1450
1182,1479
1183,1451
1184,1456
1185,1449
1186,1450
1187,1453
1188,1606
1189,1591
1190,1447
1191,1445
1192,1450
1193,1450
1194,1450
1195,1455
1196,1450
1197,1580
1198,1450
1199,1448
1200,1450
1201,1450
1202,1452
1203,1448
1204,1450
1205,1454
1206,1452
1207,1450
1208,1531
1209,1454
1210,1447
1211,1446
1212,1474
1213,1468
1214,1448
1215,1447
1216,1461
1217,1450
1218,1646
1219,1465
1220,1449
1221,1454
1222,1446
1223,1451
1224,1449
1225,1575
1226,1448
1227,1447
1228,1497
1229,1449
1230,1426
1231,1450
1232,1444
1233,1450
1234,1450
1235,1447
1236,1446
1237,1455
1238,1451
1239,1451
1240,1450
1241,1626
1242,1448
1243,1537
1244,1454
1245,1525
1246,1516
1247,1495
1248,1484
1249,1446
1250,1568
1251,1522
1252,1450
1253,1450
1254,1499
1255,1558
1256,1456
1257,1569
1258,1515
1259,1618
1260,1446
1261,1575
1262,1598
1263,1447
1264,1450
1265,1450
1266,1469
1267,1450
1268,1450
1269,1450
1270,1463
1271,1450
1272,1463
1273,1450
1274,1444
1275,1443
1276,1461
1277,1530
1278,1454
1279,1554
1280,1508
1281,1451
1282,1450
1283,1450
1284,1441
1285,1595
1286,1458
1287,1548
1288,1511
1289,1499
1290,1447
1291,1449
1292,1448
1293,1527
1294,1479
1295,1449
1296,1528
1297,1448
1298,1449
1299,1450
1300,1448
1301,1449
1302,1493
1303,1443
1304,1446
1305,1662
1306,1556
1307,1446
1308,1418
1309,1449
1310,1596
1311,1582
1312,1460
1313,1450
1314,1450
1315,1454
1316,1450
1317,1547
1318,1613
1319,1500
1320,1451
1321,1450
1322,1541
1323,1729
1324,1444
1325,1683
1326,1449
1327,1443
1328,1450
1329,1508
1330,1447
1331,1449
1332,1473
1333,1450
1334,1497
1335,1447
1336,1451
1337,1450
1338,1448
1339,1616
1340,1466
1341,1456
1342,1449
1343,1450
1344,1450
1345,1466
1346,1456
1347,1446
1348,1460
1349,1448
1350,1496
1351,1493
1352,1449
1353,1447
1354,1450
1355,1446
1356,1449
1357,1457
1358,1458
1359,1476
1360,1561
1361,1455
1362,1450
1363,1450
1364,1453
1365,1451
1366,1456
1367,1466
1368,1453
1369,1561
1370,1521
1371,1448
1372,1458
1373,1449
1374,1488
1375,1448
1376,1456
1377,1454
1378,1458
1379,1459
1380,1448
1381,1450
1382,1474
1383,1450
1384,1447
1385,1452
1386,1455
1387,1450
1388,1564
1389,1544
1390,1446
1391,1599
1392,1450
1393,1452
1394,1445
1395,1448
1396,1459
1397,1449
1398,1457
1399,1450
1400,1450
1401,1452
1402,1457
1403,1565
1404,1452
1405,1539
1406,1451
1407,1450
1408,1451
1409,1450
1410,1641
1411,1450
1412,1449
1413,1539
1414,1593
1415,1445
1416,1450
1417,1451
1418,1618
1419,1450
1420,1450
1421,1645
1422,1478
1423,1450
1424,1450
1425,1663
1426,1446
1427,1452
1428,1446
1429,1497
1430,1447
1431,1450
1432,1500
1433,1451
1434,1450
1435,1449
1436,1442
1437,1449
1438,1462
1439,1449
1440,1453
1441,1447
1442,1449
1443,1450
1444,1521
1445,1450
1446,1449
1447,1453
1448,1441
1449,1450
1450,1508
1451,1445
1452,1469
1453,1449
1454,1450
1455,1450
1456,1449
1457,1437
1458,1490
1459,1450
1460,1448
1461,1449
1462,1445
1463,1452
1464,1453
1465,1450
1466,1525
1467,1451
1468,1560
1469,1452
1470,1449
1471,1450
1472,1447
1473,1450
1474,1535
1475,1451
1476,1449
1477,1602
1478,1449
1479,1448
1480,1456
1481,1621
1482,1478
1483,1450
1484,1443
1485,1450
1486,1447
1487,1450
1488,1450
1489,1452
1490,1449
1491,1450
1492,1565
1493,1591
1494,1450
1495,1557
1496,1442
1497,1450
1498,1450
1499,1450
1500,1446
1501,1636
1502,1489
1503,1509
1504,1553
1505,1451
1506,1625
1507,1602
1508,1449
1509,1457
1510,1532
1511,1573
1512,1489
1513,1452
1514,1441
1515,1534
1516,1453
1517,1528
1518,1521
1519,1708
1520,1450
1521,1450
1522,1492
1523,1538
1524,1453
1525,1458
1526,1450
1527,1453
1528,1467
1529,1501
1530,1450
1531,1443
1532,1442
1533,1617
1534,1450
1535,1463
1536,1450
1537,1446
1538,1619
1539,1514
1540,1721
1541,1453
1542,1450
1543,1447
1544,1436
1545,1450
1546,1464
1547,1483
1548,1454
1549,1445
1550,1444
1551,1565
1552,1456
1553,1502
1554,1416
1555,1457
1556,1446
1557,1502
1558,1453
1559,1551
1560,1453
1561,1496
1562,1446
1563,1451
1564,1437
1565,1463
1566,1455
1567,1448
1568,1451
1569,1511
1570,1447
1571,1514
1572,1552
1573,1481
1574,1617
1575,1450
1576,1460
1577,1652
1578,1453
1579,1454
1580,1474
1581,1450
1582,1452
1583,1468
1584,1480
1585,1462
1586,1450
1587,1450
1588,1452
1589,1453
1590,1465
1591,1470
1592,1520
1593,1452
1594,1456
1595,1562
1596,1561
1597,1456
1598,1445
1599,1595
1600,1468
1601,1445
1602,1448
1603,1453
1604,1438
1605,1450
1606,1467
1607,1429
1608,1450
1609,1445
1610,1614
1611,1447
1612,1462
1613,1447
1614,1450
1615,1450
1616,1442
1617,1449
1618,1451
1619,1711
1620,1448
1621,1449
1622,1517
1623,1446
1624,1452
1625,1581
1626,1546
1627,1450
1628,1453
1629,1641
1630,1450
1631,1448
1632,1450
1633,1431
1634,1452
1635,1486
1636,1455
1637,1450
1638,1450
1639,1450
1640,1646
1641,1447
1642,1440
1643,1444
1644,1469
1645,1447
1646,1550
1647,1500
1648,1570
1649,1437
1650,1451
1651,1450
1652,1452
1653,1450
1654,1452
1655,1458
1656,1452
1657,1556
1658,1588
1659,1450
1660,1484
1661,1475
1662,1517
1663,1450
1664,1450
1665,1510
1666,1450
1667,1452
1668,1450
1669,1455
1670,1451
1671,1563
1672,1527
1673,1450
1674,1456
1675,1481
1676,1642
1677,1440
1678,1744
1679,1450
1680,1464
1681,1450
1682,1456
1683,1549
1684,1616
1685,1459
1686,1449
1687,1454
1688,1454
1689,1449
1690,1751
1691,1453
1692,1450
1693,1447
1694,1447
1695,1464
1696,1457
1697,1450
1698,1446
1699,1534
1700,1526
1701,1555
1702,1446
1703,1449
1704,1449
1705,1450
1706,1582
1707,1449
1708,1551
1709,1450
1710,1583
1711,1575
1712,1597
1713,1456
1714,1472
1715,1449
1716,1416
1717,1570
1718,1646
1719,1536
1720,1656
1721,1530
1722,1450
1723,1546
1724,1448
1725,1452
1726,1608
1727,1581
1728,1453
1729,1578
1730,1622
1731,1573
1732,1623
1733,1448
1734,1453
1735,1556
1736,1595
1737,1434
1738,1450
1739,1467
1740,1536
1741,1579
1742,1466
1743,1418
1744,1573
1745,1514
1746,1600
1747,1603
1748,1433
1749,1448
1750,1481
1751,1426
1752,1449
1753,1451
1754,1435
1755,1453
1756,1635
1757,1490
1758,1495
1759,1427
1760,1472
1761,1473
1762,1450
1763,1502
1764,1545
1765,1420
1766,1454
1767,1447
1768,1583
1769,1547
1770,1449
1771,1631
1772,1552
1773,1450
1774,1446
1775,1517
1776,1455
1777,1479
1778,1580
1779,1451
1780,1447
1781,1549
1782,1457
1783,1459
1784,1452
1785,1494
1786,1476
1787,1566
1788,1448
1789,1442
1790,1450
1791,1481
1792,1519
1793,1516
1794,1448
1795,1474
1796,1688
1797,1526
1798,1451
1799,1425
1800,1456
1801,1472
1802,1476
1803,1449
1804,1451
1805,1447
1806,1534
1807,1681
1808,1445
1809,1450
1810,1501
1811,1535
1812,1450
1813,1449
1814,1448
1815,1465
1816,1611
1817,1564
1818,1489
1819,1450
1820,1447
1821,1450
1822,1450
1823,1443
1824,1449
1825,1525
1826,1457
1827,1439
1828,1489
1829,1472
1830,1450
1831,1493
1832,1450
1833,1450
1834,1464
1835,1448
1836,1573
1837,1449
1838,1451
1839,1453
1840,1452
1841,1449
1842,1446
1843,1449
1844,1450
1845,1450
1846,1467
1847,1457
1848,1457
1849,1438
1850,1438
1851,1451
1852,1443
1853,1449
1854,1450
1855,1446
1856,1463
1857,1450
1858,1450
1859,1450
1860,1533
1861,1451
1862,1448
1863,1449
1864,1444
1865,1457
1866,1450
1867,1448
1868,1614
1869,1450
1870,1444
1871,1449
1872,1446
1873,1449
1874,1450
1875,1467
1876,1592
1877,1445
1878,1450
1879,1449
1880,1536
1881,1456
1882,1449
1883,1449
1884,1482
1885,1630
1886,1439
1887,1455
1888,1451
1889,1450
1890,1448
1891,1512
1892,1450
1893,1458
1894,1446
1895,1576
1896,1465
1897,1447
1898,1443
1899,1530
1900,1458
1901,1469
1902,1545
1903,1450
1904,1448
1905,1450
1906,1454
1907,1459
1908,1502
1909,1444
1910,1446
1911,1445
1912,1527
1913,1453
1914,1450
1915,1487
1916,1450
1917,1451
1918,1699
1919,1449
1920,1438
1921,1450
1922,1570
1923,1634
1924,1450
1925,1446
1926,1449
1927,1451
1928,1450
1929,1452
1930,1453
1931,1448
1932,1450
1933,1452
1934,1449
1935,1447
1936,1450
1937,1548
1938,1448
1939,1553
1940,1511
1941,1458
1942,1504
1943,1512
1944,1440
1945,1451
1946,1463
1947,1453
1948,1450
1949,1453
1950,1451
1951,1448
1952,1467
1953,1450
1954,1440
1955,1456
1956,1448
1957,1453
1958,1450
1959,1450
1960,1455
1961,1449
1962,1450
1963,1447
1964,1450
1965,1496
1966,1450
1967,1488
1968,1450
1969,1450
1970,1447
1971,1450
1972,1442
1973,1416
1974,1438
1975,1455
1976,1448
1977,1452
1978,1448
1979,1450
1980,1452
1981,1459
1982,1533
1983,1647
1984,1525
1985,1484
1986,1711
1987,1594
1988,1450
1989,1519
1990,1458
1991,1540
1992,1449
1993,1450
1994,1434
1995,1449
1996,1461
1997,1511
1998,1453
1999,1447
2000,1515
2001,1448
2002,1459
2003,1450
2004,1456
2005,1448
2006,1450
2007,1449
2008,1446
2009,1451
2010,1485
2011,1449
2012,1451
2013,1526
2014,1444
2015,1450
2016,1522
2017,1450
2018,1450
2019,1455
2020,1450
2021,1450
2022,1492
2023,1458
2024,1465
2025,1449
2026,1452
2027,1464
2028,1538
2029,1462
2030,1451
2031,1445
2032,1454
2033,1451
2034,1483
2035,1489
2036,1466
2037,1446
2038,1453
2039,1503
2040,1581
2041,1473
2042,1457
2043,1461
2044,1453
2045,1454
2046,1723
2047,1456
2048,1530
2049,1448
2050,1449
2051,1470
2052,1635
2053,1522
2054,1640
2055,1452
2056,1766
2057,1449
2058,1450
2059,1560
2060,1450
2061,1455
2062,1560
2063,1465
2064,1516
2065,1451
2066,1449
2067,1599
2068,1470
2069,1449
2070,1467
2071,1449
2072,1446
2073,1608
2074,1444
2075,1658
2076,1456
2077,1526
2078,1464
2079,1499
2080,1530
2081,1568
2082,1450
2083,1401
2084,1524
2085,1526
2086,1450
2087,1450
2088,1450
2089,1449
2090,1497
2091,1445
2092,1441
2093,1470
2094,1450
2095,1508
2096,1590
2097,1513
2098,1450
2099,1448
2100,1451
2101,1450
2102,1637
2103,1455
2104,1449
2105,1452
2106,1600
2107,1440
2108,1455
2109,1449
2110,1449
2111,1452
2112,1446
2113,1450
2114,1450
2115,1449
2116,1448
2117,1450
2118,1450
2119,1463
2120,1447
2121,1453
2122,1614
2123,1450
2124,1443
2125,1448
2126,1449
2127,1449
2128,1451
2129,1444
2130,1580
2131,1450
2132,1451
2133,1453
2134,1461
2135,1480
2136,1427
2137,1596
2138,1450
2139,1441
2140,1448
2141,1492
2142,1451
2143,1479
2144,1525
2145,1567
2146,1450
2147,1615
2148,1505
2149,1477
2150,1449
2151,1401
2152,1586
2153,1464
2154,1448
2155,1450
2156,1453
2157,1453
2158,1573
2159,1460
2160,1450
2161,1464
2162,1452
2163,1455
2164,1527
2165,1485
2166,1458
2167,1446
2168,1733
2169,1506
2170,1565
2171,1531
2172,1465
2173,1450
2174,1453
2175,1585
2176,1450
2177,1482
2178,1453
2179,1450
2180,1532
2181,1497
2182,1463
2183,1498
2184,1447
2185,1462
2186,1527
2187,1482
2188,1456
2189,1450
2190,1474
2191,1531
2192,1474
2193,1454
2194,1580
2195,1450
2196,1446
2197,1501
2198,1503
2199,1572
2200,1672
2201,1447
2202,1534
2203,1448
2204,1477
2205,1446
2206,1453
2207,1441
2208,1452
2209,1453
2210,1452
2211,1454
2212,1551
2213,1462
2214,1458
2215,1452
2216,1455
2217,1449
2218,1450
2219,1453
2220,1568
2221,1461
2222,1452
2223,1446
2224,1468
2225,1499
2226,1461
2227,1533
2228,1534
2229,1468
2230,1566
2231,1618
2232,1457
2233,1450
2234,1548
2235,1447
2236,1452
2237,1458
2238,1450
2239,1461
2240,1542
2241,1454
2242,1441
2243,1452
2244,1449
2245,1459
2246,1464
2247,1453
2248,1450
2249,1451
2250,1445
2251,1453
2252,1550
2253,1450
2254,1447
2255,1450
2256,1450
2257,1454
2258,1450
2259,1418
2260,1450
2261,1460
2262,1529
2263,1450
2264,1489
2265,1506
2266,1450
2267,1450
2268,1450
2269,1450
2270,1450
2271,1450
2272,1462
2273,1448
2274,1455
2275,1444
2276,1452
2277,1450
2278,1450
2279,1457
2280,1448
2281,1450
2282,1450
2283,1553
2284,1450
2285,1451
2286,1450
2287,1450
2288,1450
2289,1450
2290,1450
2291,1450
2292,1450
2293,1450
2294,1450
2295,1450
2296,1450
2297,1450
2298,1450
2299,1450
2300,1450
2301,1450
2302,1450
2303,1450
2304,1450
2305,1450
2306,1450
2307,1450
2308,1450
2309,1450
2310,1450
2311,1450
2312,1450
2313,1450
2314,1450
2315,1450
2316,1450
2317,1450
2318,1450
2319,1450
2320,1450
2321,1450
2322,1450
2323,1450
2324,1450
2325,1450
2326,1450
2327,1450
2328,1450
2329,1450
2330,1444
2331,1450
2332,1450
2333,1514
2334,1456
2335,1469
2336,1446
2337,1709
2338,1684
2339,1446
2340,1462
2341,1580
2342,1518
2343,1439
2344,1475
2345,1478
2346,1458
2347,1471
2348,1481
2349,1466
2350,1453
2351,1450
2352,1536
2353,1472
2354,1483
2355,1450
2356,1450
2357,1438
2358,1548
2359,1525
2360,1462
2361,1450
2362,1450
2363,1633
2364,1445
2365,1453
2366,1448
2367,1494
2368,1449
2369,1472
2370,1622
2371,1447
2372,1451
2373,1485
2374,1493
2375,1536
2376,1456
2377,1545
2378,1447
2379,1450
2380,1450
2381,1441
2382,1409
2383,1622
2384,1450
2385,1450
2386,1541
2387,1458
2388,1480
2389,1444
2390,1448
2391,1456
2392,1446
2393,1546
2394,1453
2395,1497
2396,1451
2397,1450
2398,1467
2399,1536
2400,1454
2401,1449
2402,1452
2403,1622
2404,1452
2405,1515
2406,1440
2407,1455
2408,1419
2409,1449
2410,1592
2411,1518
2412,1536
2413,1442
2414,1453
2415,1525
2416,1450
2417,1450
2418,1447
2419,1445
2420,1448
2421,1545
2422,1450
2423,1475
2424,1430
2425,1446
2426,1450
2427,1452
2428,1452
2429,1507
2430,1452
2431,1455
2432,1438
2433,1446
2434,1453
2435,1455
2436,1460
2437,1490
2438,1535
2439,1468
2440,1451
2441,1432
2442,1450
2443,1557
2444,1504
2445,1502
2446,1452
2447,1452
2448,1447
2449,1496
2450,1477
2451,1611
2452,1450
2453,1450
2454,1446
2455,1443
2456,1462
2457,1502
2458,1506
2459,1438
2460,1466
2461,1475
2462,1443
2463,1451
2464,1450
2465,1526
2466,1449
2467,1447
2468,1680
2469,1459
2470,1432
2471,1697
2472,1498
2473,1479
2474,1591
2475,1449
2476,1450
2477,1426
2478,1659
2479,1440
2480,1432
2481,1683
2482,1450
2483,1460
2484,1458
2485,1552
2486,1588
2487,1482
2488,1447
2489,1501
2490,1446
2491,1547
2492,1450
2493,1495
2494,1450
2495,1475
2496,1431
2497,1453
2498,1463
2499,1479
2500,1486
2501,1499
2502,1607
2503,1486
2504,1448
2505,1461
2506,1469
2507,1450
2508,1448
2509,1530
2510,1452
2511,1462
2512,1511
2513,1409
2514,1450
2515,1422
2516,1450
2517,1469
2518,1482
2519,1450
2520,1447
2521,1567
2522,1598
2523,1537
2524,1451
2525,1416
2526,1510
2527,1450
2528,1488
2529,1405
2530,1490
2531,1489
2532,1451
2533,1448
2534,1570
2535,1443
2536,1449
2537,1538
2538,1453
2539,1588
2540,1447
2541,1450
2542,1453
2543,1506
2544,1453
2545,1434
2546,1451
2547,1450
2548,1450
2549,1537
2550,1519
2551,1540
2552,1450
2553,1448
2554,1493
2555,1485
2556,1558
2557,1599
2558,1450
2559,1547
2560,1491
2561,1445
2562,1450
2563,1455
2564,1456
2565,1449
2566,1448
2567,1449
2568,1452
2569,1451
2570,1457
2571,1448
2572,1450
2573,1448
2574,1513
2575,1452
2576,1541
2577,1538
2578,1450
2579,1499
2580,1449
2581,1448
2582,1568
2583,1495
2584,1575
2585,1495
2586,1554
2587,1517
2588,1448
2589,1446
2590,1640
2591,1486
2592,1448
2593,1447
2594,1547
2595,1451
2596,1449
2597,1441
2598,1448
2599,1456
2600,1528
2601,1552
2602,1447
2603,1473
2604,1473
2605,1497
2606,1460
2607,1651
2608,1447
2609,1599
2610,1450
2611,1611
2612,1524
2613,1496
2614,1614
2615,1450
2616,1450
2617,1451
2618,1446
2619,1559
2620,1512
2621,1444
2622,1451
2623,1452
2624,1458
2625,1463
2626,1501
2627,1456
2628,1445
2629,1448
2630,1602
2631,1450
2632,1489
2633,1450
2634,1552
2635,1519
2636,1450
2637,1534
2638,1572
2639,1450
2640,1516
2641,1537
2642,1586
2643,1481
2644,1455
2645,1476
2646,1450
2647,1468
2648,1557
2649,1451
2650,1452
2651,1450
2652,1450
2653,1450
2654,1438
2655,1609
2656,1474
2657,1506
2658,1583
2659,1626
2660,1454
2661,1450
2662,1494
2663,1451
2664,1447
2665,1457
2666,1450
2667,1446
2668,1452
2669,1458
2670,1444
2671,1450
2672,1448
2673,1492
2674,1451
2675,1451
2676,1464
2677,1450
2678,1451
2679,1474
2680,1448
2681,1448
2682,1564
2683,1450
2684,1450
2685,1450
2686,1450
2687,1528
2688,1450
2689,1450
2690,1450
2691,1450
2692,1450
2693,1450
2694,1450
2695,1450
2696,1450
2697,1450
2698,1450
2699,1450
2700,1450
2701,1450
2702,1570
2703,1450
2704,1478
2705,1491
2706,1573
2707,1430
2708,1511
2709,1414
2710,1538
2711,1448
2712,1467
2713,1471
2714,1588
2715,1450
2716,1450
2717,1450
2718,1450
2719,1453
2720,1450
2721,1436
2722,1450
2723,1542
2724,1450
2725,1401
2726,1450
2727,1450
2728,1450
2729,1569
2730,1450
2731,1450
2732,1450
2733,1578
2734,1450
2735,1448
2736,1450
2737,1443
2738,1450
2739,1454
2740,1450
2741,1463
2742,1450
2743,1452
2744,1450
2745,1450
2746,1450
2747,1446
2748,1450
2749,1447
2750,1450
2751,1488
2752,1450
2753,1481
2754,1450
2755,1450
2756,1450
2757,1455
2758,1450
2759,1451
2760,1450
2761,1514
2762,1450
2763,1447
2764,1450
2765,1523
2766,1450
2767,1715
2768,1450
2769,1451
2770,1450
2771,1579
2772,1450
2773,1463
2774,1450
2775,1469
2776,1450
2777,1447
2778,1450
2779,1447
2780,1450
2781,1476
2782,1450
2783,1576
2784,1450
2785,1439
2786,1450
2787,1447
2788,1450
2789,1484
2790,1450
2791,1681
2792,1450
2793,1449
2794,1450
2795,1472
2796,1450
2797,1466
2798,1450
2799,1451
2800,1450
2801,1450
2802,1450
2803,1444
2804,1450
2805,1476
2806,1450
2807,1450
2808,1450
2809,1482
2810,1450
2811,1626
2812,1450
2813,1497
2814,1450
2815,1502
2816,1450
2817,1455
2818,1450
2819,1473
2820,1450
2821,1451
2822,1450
2823,1532
2824,1450
2825,1420
2826,1604
2827,1447
2828,1450
2829,1458
2830,1541
2831,1451
2832,1549
2833,1459
2834,1663
2835,1448
2836,1552
2837,1453
2838,1470
2839,1556
2840,1471
2841,1459
2842,1453
2843,1451
2844,1417
2845,1459
2846,1513
2847,1449
2848,1593
2849,1562
2850,1448
2851,1643
2852,1539
2853,1516
2854,1486
2855,1431
2856,1477
2857,1441
2858,1450
2859,1450
2860,1450
2861,1474
2862,1447
2863,1450
2864,1452
2865,1458
2866,1472
2867,1551
2868,1450
2869,1492
2870,1450
2871,1455
2872,1460
2873,1446
2874,1420
2875,1546
2876,1494
2877,1598
2878,1450
2879,1440
2880,1446
2881,1546
2882,1464
2883,1583
2884,1454
2885,1455
2886,1450
2887,1451
2888,1453
2889,1450
2890,1506
2891,1450
2892,1449
2893,1449
2894,1456
2895,1411
2896,1463
2897,1410
2898,1530
2899,1450
2900,1475
2901,1460
2902,1437
2903,1504
2904,1453
2905,1496
2906,1500
2907,1553
2908,1451
2909,1465
2910,1782
2911,1445
2912,1551
2913,1452
2914,1502
2915,1526
2916,1450
2917,1446
2918,1460
2919,1452
2920,1452
2921,1449
2922,1462
2923,1491
2924,1450
2925,1447
2926,1504
2927,1482
2928,1575
2929,1468
2930,1631
2931,1450
2932,1450
2933,1446
2934,1448
2935,1520
2936,1482
2937,1450
2938,1451
2939,1450
2940,1452
2941,1455
2942,1447
2943,1448
2944,1501
2945,1517
2946,1441
2947,1455
2948,1461
2949,1490
2950,1428
2951,1448
2952,1447
2953,1446
2954,1450
2955,1450
2956,1452
2957,1467
2958,1447
2959,1593
2960,1590
2961,1476
2962,1446
2963,1444
2964,1469
2965,1450
2966,1463
2967,1456
2968,1450
2969,1429
2970,1471
2971,1450
2972,1509
2973,1477
2974,1665
2975,1444
2976,1618
2977,1488
2978,1479
2979,1457
2980,1542
2981,1450
2982,1443
2983,1444
2984,1506
2985,1435
2986,1425
2987,1558
2988,1521
2989,1437
2990,1678
2991,1451
2992,1621
2993,1456
2994,1544
2995,1451
2996,1593
2997,1450
2998,1549
2999,1454
3000,1464
3001,1450
3002,1450
3003,1561
3004,1420
3005,1612
3006,1445
3007,1506
3008,1492
3009,1521
3010,1529
3011,1478
3012,1452
3013,1417
3014,1454
3015,1638
3016,1429
3017,1443
3018,1464
3019,1523
3020,1456
3021,1519
3022,1442
3023,1423
3024,1481
3025,1461
3026,1460
3027,1445
3028,1414
3029,1452
3030,1450
3031,1450
3032,1451
3033,1450
3034,1501
3035,1501
3036,1447
3037,1435
3038,1500
3039,1559
3040,1450
3041,1458
3042,1523
3043,1469
3044,1540
3045,1465
3046,1455
3047,1450
3048,1444
3049,1484
3050,1450
3051,1450
3052,1454
3053,1463
3054,1394
3055,1448
3056,1469
3057,1447
3058,1478
3059,1471
3060,1446
3061,1578
3062,1456
3063,1440
3064,1453
3065,1534
3066,1450
3067,1452
3068,1450
3069,1459
3070,1546
3071,1447
3072,1539
3073,1451
3074,1464
3075,1554
3076,1458
3077,1451
3078,1450
3079,1447
3080,1448
3081,1477
3082,1569
3083,1511
3084,1444
3085,1450
3086,1450
3087,1438
3088,1449
3089,1454
3090,1471
3091,1445
3092,1451
3093,1450
3094,1448
3095,1454
3096,1471
3097,1451
3098,1545
3099,1450
3100,1505
3101,1450
3102,1531
3103,1465
3104,1459
3105,1450
3106,1445
3107,1439
3108,1450
3109,1443
3110,1391
3111,1449
3112,1448
3113,1450
3114,1457
3115,1460
3116,1442
3117,1541
3118,1450
3119,1462
3120,1454
3121,1446
3122,1492
3123,1461
3124,1457
3125,1475
3126,1458
3127,1450
3128,1586
3129,1458
3130,1576
3131,1480
3132,1547
3133,1455
3134,1471
3135,1473
3136,1523
3137,1504
3138,1486
3139,1463
3140,1543
3141,1442
3142,1543
3143,1444
3144,1455
3145,1490
3146,1567
3147,1506
3148,1441
3149,1467
3150,1445
3151,1474
3152,1421
3153,1450
3154,1452
3155,1455
3156,1448
3157,1505
3158,1524
3159,1450
3160,1501
3161,1525
3162,1449
3163,1443
3164,1518
3165,1457
3166,1468
3167,1494
3168,1446
3169,1436
3170,1445
3171,1612
3172,1470
3173,1474
3174,1453
3175,1543
3176,1554
3177,1437
3178,1450
3179,1501
3180,1531
3181,1428
3182,1493
3183,1452
3184,1541
3185,1448
3186,1467
3187,1495
3188,1450
3189,1464
3190,1454
3191,1450
3192,1467
3193,1496
3194,1457
3195,1454
3196,1590
3197,1488
3198,1449
3199,1450
3200,1499
3201,1508
3202,1447
3203,1451
3204,1424
3205,1508
3206,1584
3207,1461
3208,1448
3209,1453
3210,1453
3211,1558
3212,1470
3213,1458
3214,1454
3215,1427
3216,1513
3217,1450
3218,1565
3219,1513
3220,1505
3221,1475
3222,1451
3223,1550
3224,1432
3225,1454
3226,1455
3227,1458
3228,1455
3229,1560
3230,1609
3231,1448
3232,1455
3233,1446
3234,1497
3235,1450
3236,1604
3237,1457
3238,1561
3239,1497
3240,1505
3241,1488
3242,1507
3243,1492
3244,1544
3245,1523
3246,1449
3247,1497
3248,1450
3249,1450
3250,1582
3251,1468
3252,1450
3253,1450
3254,1450
3255,1592
3256,1540
3257,1490
3258,1513
3259,1454
3260,1519
3261,1451
3262,1453
3263,1446
3264,1444
3265,1464
3266,1503
3267,1501
3268,1550
3269,1450
3270,1446
3271,1463
3272,1436
3273,1452
3274,1518
3275,1469
3276,1548
3277,1466
3278,1437
3279,1445
3280,1479
3281,1442
3282,1438
3283,1460
3284,1616
3285,1450
3286,1448
3287,1450
3288,1474
3289,1487
3290,1450
3291,1459
3292,1440
3293,1584
3294,1469
3295,1430
3296,1451
3297,1447
3298,1469
3299,1491
3300,1462
3301,1476
3302,1475
3303,1517
3304,1450
3305,1449
3306,1452
3307,1454
3308,1452
3309,1623
3310,1665
3311,1450
3312,1444
3313,1532
3314,1618
3315,1439
3316,1541
3317,1450
3318,1476
3319,1489
3320,1455
3321,1450
3322,1601
3323,1453
3324,1576
3325,1449
3326,1446
3327,1450
3328,1521
3329,1492
3330,1503
3331,1481
3332,1459
3333,1454
3334,1457
3335,1485
3336,1549
3337,1467
3338,1450
3339,1661
3340,1486
3341,1481
3342,1450
3343,1447
3344,1523
3345,1487
3346,1460
3347,1450
3348,1450
3349,1450
3350,1444
3351,1459
3352,1491
3353,1440
3354,1558
3355,1463
3356,1426
3357,1660
3358,1453
3359,1499
3360,1553
3361,1499
3362,1462
3363,1447
3364,1455
3365,1450
3366,1495
3367,1429
3368,1431
3369,1444
3370,1417
3371,1449
3372,1450
3373,1465
3374,1595
3375,1447
3376,1441
3377,1443
3378,1446
3379,1480
3380,1451
3381,1484
3382,1451
3383,1452
3384,1447
3385,1450
3386,1541
3387,1449
3388,1567
3389,1492
3390,1480
3391,1450
3392,1448
3393,1521
3394,1447
3395,1450
3396,1481
3397,1507
3398,1468
3399,1450
3400,1450
3401,1456
3402,1483
3403,1457
3404,1448
3405,1514
3406,1451
3407,1437
3408,1513
3409,1446
3410,1492
3411,1475
3412,1450
3413,1439
3414,1581
3415,1458
3416,1451
3417,1453
3418,1486
3419,1539
3420,1454
3421,1478
3422,1450
3423,1462
3424,1450
3425,1450
3426,1450
3427,1450
3428,1450
3429,1450
3430,1450
3431,1450
3432,1450
3433,1450
3434,1450
3435,1450
3436,1450
3437,1450
3438,1450
3439,1450
3440,1450
3441,1450
3442,1450
3443,1450
3444,1450
3445,1450
3446,1450
3447,1450
3448,1450
3449,1450
3450,1454
3451,1520
3452,1619
3453,1462
3454,1417
3455,1531
3456,1465
3457,1440
3458,1503
3459,1537
3460,1453
3461,1573
3462,1451
3463,1444
3464,1541
3465,1438
3466,1481
3467,1565
3468,1437
3469,1442
3470,1452
3471,1444
3472,1528
3473,1542
3474,1449
3475,1448
3476,1594
3477,1456
3478,1657
3479,1460
3480,1510
3481,1547
3482,1499
3483,1469
3484,1504
3485,1431
3486,1454
3487,1535
3488,1513
3489,1558
3490,1563
3491,1462
3492,1518
3493,1429
3494,1568
3495,1522
3496,1471
3497,1468
3498,1423
3499,1451
3500,1454
3501,1494
3502,1480
3503,1446
3504,1572
3505,1458
3506,1507
3507,1479
3508,1446
3509,1469
3510,1508
3511,1475
3512,1605
3513,1465
3514,1450
3515,1461
3516,1460
3517,1445
3518,1449
3519,1447
3520,1451
3521,1453
3522,1564
3523,1450
3524,1445
3525,1468
3526,1515
3527,1436
3528,1536
3529,1457
3530,1454
3531,1444
3532,1416
3533,1464
3534,1617
3535,1577
3536,1596
3537,1538
3538,1731
3539,1622
3540,1454
3541,1453
3542,1613
3543,1457
3544,1489
3545,1467
3546,1581
3547,1588
3548,1508
3549,1451
3550,1532
3551,1450
3552,1447
3553,1452
3554,1451
3555,1572
3556,1497
3557,1465
3558,1443
3559,1559
3560,1494
3561,1454
3562,1447
3563,1448
3564,1450
3565,1459
3566,1611
3567,1433
3568,1530
3569,1448
3570,1490
3571,1459
3572,1640
3573,1467
3574,1593
3575,1466
3576,1458
3577,1484
3578,1451
3579,1450
3580,1452
3581,1511
3582,1451
3583,1450
3584,1450
3585,1456
3586,1444
3587,1452
3588,1562
3589,1450
3590,1453
3591,1443
3592,1450
3593,1509
3594,1448
3595,1451
3596,1453
3597,1551
3598,1588
3599,1449
3600,1477
3601,1467
3602,1539
3603,1542
3604,1630
3605,1464
3606,1477
3607,1468
3608,1448
3609,1476
3610,1419
3611,1459
3612,1464
3613,1452
3614,1453
3615,1419
3616,1567
3617,1475
3618,1544
3619,1476
3620,1614
3621,1454
3622,1460
3623,1528
3624,1531
3625,1450
3626,1470
3627,1484
3628,1456
3629,1452
3630,1578
3631,1450
3632,1445
3633,1483
3634,1462
3635,1598
3636,1576
3637,1581
3638,1455
3639,1451
3640,1460
3641,1663
3642,1453
3643,1443
3644,1449
3645,1451
3646,1526
3647,1630
3648,1478
3649,1450
3650,1473
3651,1418
3652,1446
3653,1546
3654,1577
3655,1534
3656,1628
3657,1457
3658,1502
3659,1457
3660,1487
3661,1431
3662,1456
3663,1647
3664,1455
3665,1447
3666,1466
3667,1591
3668,1550
3669,1470
3670,1451
3671,1450
3672,1455
3673,1440
3674,1689
3675,1456
3676,1562
3677,1458
3678,1450
3679,1600
3680,1501
3681,1495
3682,1450
3683,1708
3684,1480
3685,1444
3686,1461
3687,1458
3688,1599
3689,1450
3690,1435
3691,1488
3692,1487
3693,1492
3694,1444
3695,1602
3696,1469
3697,1445
3698,1452
3699,1440
3700,1436
3701,1454
3702,1450
3703,1444
3704,1461
3705,1453
3706,1441
3707,1669
3708,1450
3709,1428
3710,1470
3711,1627
3712,1447
3713,1448
3714,1420
3715,1450
3716,1445
3717,1453
3718,1470
3719,1510
3720,1450
3721,1509
3722,1435
3723,1421
3724,1450
3725,1448
3726,1451
3727,1446
3728,1436
3729,1471
3730,1456
3731,1450
3732,1452
3733,1444
3734,1437
3735,1548
3736,1450
3737,1551
3738,1447
3739,1500
3740,1481
3741,1486
3742,1450
3743,1495
3744,1453
3745,1435
3746,1451
3747,1483
3748,1513
3749,1524
3750,1636
3751,1454
3752,1455
3753,1483
3754,1422
3755,1479
3756,1455
3757,1453
3758,1450
3759,1480
3760,1453
3761,1446
3762,1445
3763,1465
3764,1436
3765,1431
3766,1444
3767,1557
3768,1447
3769,1459
3770,1573
3771,1454
3772,1463
3773,1491
3774,1441
3775,1451
3776,1449
3777,1519
3778,1452
3779,1453
3780,1457
3781,1479
3782,1442
3783,1465
3784,1468
3785,1447
3786,1500
3787,1497
3788,1443
3789,1458
3790,1451
3791,1441
3792,1522
3793,1557
3794,1480
3795,1446
3796,1477
3797,1446
3798,1427
3799,1485
3800,1444
3801,1457
3802,1569
3803,1448
3804,1450
3805,1451
3806,1448
3807,1449
3808,1448
3809,1450
3810,1445
3811,1437
3812,1495
3813,1446
3814,1534
3815,1524
3816,1450
3817,1446
3818,1444
3819,1447
3820,1451
3821,1447
3822,1468
3823,1456
3824,1608
3825,1453
3826,1599
3827,1449
3828,1456
3829,1445
3830,1450
3831,1447
3832,1450
3833,1442
3834,1513
3835,1530
3836,1450
3837,1453
3838,1521
3839,1448
3840,1490
3841,1460
3842,1442
3843,1438
3844,1506
3845,1435
3846,1448
3847,1658
3848,1486
3849,1451
3850,1450
3851,1448
3852,1450
3853,1525
3854,1450
3855,1445
3856,1452
3857,1449
3858,1445
3859,1527
3860,1441
3861,1455
3862,1461
3863,1524
3864,1450
3865,1498
3866,1450
3867,1448
3868,1446
3869,1450
3870,1450
3871,1439
3872,1481
3873,1450
3874,1450
3875,1642
3876,1480
3877,1450
3878,1457
3879,1444
3880,1499
3881,1497
3882,1545
3883,1524
3884,1448
3885,1450
3886,1477
3887,1450
3888,1450
3889,1486
3890,1450
3891,1450
3892,1450
3893,1450
3894,1450
3895,1450
3896,1450
3897,1450
3898,1450
3899,1450
3900,1450
3901,1450
3902,1450
3903,1450
3904,1450
3905,1450
3906,1450
3907,1450
3908,1450
3909,1450
3910,1450
3911,1450
3912,1450
3913,1450
3914,1450
3915,1450
3916,1450
3917,1450
3918,1450
3919,1450
3920,1450
3921,1450
3922,1450
3923,1450
3924,1450
3925,1521
3926,1545
3927,1445
3928,1599
3929,1554
3930,1526
3931,1551
3932,1545
3933,1558
3934,1457
3935,1450
3936,1495
3937,1649
3938,1449
3939,1513
3940,1587
3941,1509
3942,1442
3943,1450
3944,1469
3945,1460
3946,1483
3947,1563
3948,1447
3949,1453
3950,1483
3951,1485
3952,1475
3953,1491
3954,1511
3955,1452
3956,1450
3957,1473
3958,1530
3959,1634
3960,1452
3961,1446
3962,1456
3963,1449
3964,1450
3965,1487
3966,1500
3967,1443
3968,1480
3969,1448
3970,1535
3971,1463
3972,1447
3973,1440
3974,1569
3975,1452
3976,1461
3977,1464
3978,1456
3979,1435
3980,1451
3981,1431
3982,1450
3983,1447
3984,1452
3985,1471
3986,1612
3987,1448
3988,1513
3989,1440
3990,1626
3991,1492
3992,1463
3993,1414
3994,1452
3995,1453
3996,1586
3997,1503
3998,1561
3999,1507
4000,1447
4001,1536
4002,1461
4003,1616
4004,1599
4005,1534
4006,1488
4007,1458
4008,1461
4009,1571
4010,1534
4011,1465
4012,1450
4013,1493
4014,1499
4015,1514
4016,1437
4017,1452
4018,1448
4019,1443
4020,1618
4021,1512
4022,1444
4023,1430
4024,1429
4025,1441
4026,1577
4027,1559
4028,1626
4029,1447
4030,1478
4031,1465
4032,1444
4033,1450
4034,1469
4035,1497
4036,1447
4037,1430
4038,1456
4039,1626
4040,1450
4041,1599
4042,1456
4043,1616
4044,1455
4045,1452
4046,1446
4047,1438
4048,1550
4049,1471
4050,1516
4051,1452
4052,1450
4053,1437
4054,1451
4055,1536
4056,1442
4057,1556
4058,1448
4059,1451
4060,1533
4061,1579
4062,1459
4063,1566
4064,1448
4065,1461
4066,1445
4067,1470
4068,1509
4069,1559
4070,1454
4071,1457
4072,1443
4073,1476
4074,1460
4075,1502
4076,1468
4077,1546
4078,1442
4079,1556
4080,1513
4081,1448
4082,1472
4083,1514
4084,1451
4085,1534
4086,1459
4087,1614
4088,1443
4089,1613
4090,1461
4091,1480
4092,1488
4093,1460
4094,1450
4095,1441
4096,1553
4097,1500
4098,1440
4099,1584
4100,1450
4101,1450
4102,1455
4103,1564
4104,1492
4105,1435
4106,1457
4107,1462
4108,1436
4109,1447
4110,1482
4111,1426
4112,1536
4113,1448
4114,1440
4115,1433
4116,1450
4117,1451
4118,1488
4119,1461
4120,1474
4121,1490
4122,1549
4123,1509
4124,1475
4125,1582
4126,1450
4127,1475
4128,1450
4129,1448
4130,1642
4131,1557
4132,1464
4133,1448
4134,1464
4135,1511
4136,1444
4137,1442
4138,1457
4139,1436
4140,1459
4141,1464
4142,1442
4143,1593
4144,1453
4145,1511
4146,1560
4147,1451
4148,1436
4149,1448
4150,1534
4151,1481
4152,1546
4153,1561
4154,1475
4155,1431
4156,1485
4157,1450
4158,1509
4159,1516
4160,1515
4161,1447
4162,1450
4163,1435
4164,1459
4165,1444
4166,1397
4167,1452
4168,1450
4169,1504
4170,1446
4171,1466
4172,1444
4173,1505
4174,1497
4175,1514
4176,1510
4177,1453
4178,1457
4179,1420
4180,1487
4181,1479
4182,1513
4183,1571
4184,1449
4185,1467
4186,1475
4187,1441
4188,1614
4189,1594
4190,1452
4191,1461
4192,1500
4193,1432
4194,1450
4195,1440
4196,1461
4197,1445
4198,1528
4199,1452
4200,1465
4201,1669
4202,1450
4203,1418
4204,1450
4205,1527
4206,1503
4207,1519
4208,1449
4209,1476
4210,1463
4211,1468
4212,1449
4213,1577
4214,1446
4215,1465
4216,1574
4217,1415
4218,1456
4219,1496
4220,1450
4221,1450
4222,1457
4223,1443
4224,1459
4225,1411
4226,1514
4227,1445
4228,1462
4229,1456
4230,1494
4231,1439
4232,1451
4233,1450
4234,1447
4235,1470
4236,1450
4237,1571
4238,1439
4239,1517
4240,1493
4241,1469
4242,1580
4243,1489
4244,1461
4245,1447
4246,1480
4247,1450
4248,1460
4249,1448
4250,1449
4251,1440
4252,1469
4253,1606
4254,1442
4255,1506
4256,1576
4257,1457
4258,1449
4259,1454
4260,1420
4261,1444
4262,1460
4263,1470
4264,1501
4265,1577
4266,1457
4267,1456
4268,1422
4269,1500
4270,1538
4271,1441
4272,1608
4273,1452
4274,1450
4275,1435
4276,1568
4277,1451
4278,1450
4279,1452
4280,1439
4281,1479
4282,1450
4283,1455
4284,1496
4285,1515
4286,1488
4287,1452
4288,1466
4289,1447
4290,1526
4291,1523
4292,1448
4293,1562
4294,1481
4295,1496
4296,1517
4297,1445
4298,1450
4299,1441
4300,1477
4301,1499
4302,1443
4303,1450
4304,1451
4305,1450
4306,1476
4307,1453
4308,1507
4309,1535
4310,1455
4311,1538
4312,1450
4313,1450
4314,1482
4315,1443
4316,1454
4317,1450
4318,1447
4319,1471
4320,1494
4321,1454
4322,1523
4323,1452
4324,1445
4325,1598
4326,1454
4327,1521
4328,1482
4329,1547
4330,1456
4331,1434
4332,1465
4333,1452
4334,1575
4335,1440
4336,1531
4337,1498
4338,1571
4339,1447
4340,1450
4341,1443
4342,1595
4343,1538
4344,1445
4345,1451
4346,1472
4347,1456
4348,1451
4349,1431
4350,1453
4351,1452
4352,1464
4353,1461
4354,1450
4355,1503
4356,1513
4357,1446
4358,1450
4359,1458
4360,1450
4361,1578
4362,1584
4363,1458
4364,1474
4365,1450
4366,1459
4367,1456
4368,1468
4369,1447
4370,1449
4371,1451
4372,1445
4373,1505
4374,1453
4375,1565
4376,1507
4377,1532
4378,1492
4379,1445
4380,1457
4381,1550
4382,1425
4383,1438
4384,1569
4385,1445
4386,1446
4387,1438
4388,1548
4389,1456
4390,1464
4391,1640
4392,1570
4393,1450
4394,1464
4395,1547
4396,1435
4397,1444
4398,1473
4399,1450
4400,1560
4401,1536
4402,1459
4403,1495
4404,1466
4405,1556
4406,1444
4407,1450
4408,1472
4409,1553
4410,1452
4411,1450
4412,1420
4413,1463
4414,1661
4415,1559
4416,1452
4417,1450
4418,1485
4419,1468
4420,1450
4421,1450
4422,1450
4423,1450
4424,1450
4425,1450
4426,1450
4427,1450
4428,1450
4429,1450
4430,1450
4431,1450
4432,1450
4433,1450
4434,1450
4435,1450
4436,1450
4437,1450
4438,1450
4439,1450
4440,1450
4441,1450
4442,1450
4443,1450
4444,1450
4445,1450
4446,1450
4447,1450
4448,1450
4449,1450
4450,1549
4451,1633
4452,1465
4453,1471
4454,1543
4455,1417
4456,1586
4457,1461
4458,1534
4459,1508
4460,1481
4461,1447
4462,1518
4463,1450
4464,1463
4465,1450
4466,1487
4467,1504
4468,1516
4469,1597
4470,1488
4471,1485
4472,1608
4473,1494
4474,1448
4475,1453
4476,1596
4477,1441
4478,1452
4479,1449
4480,1430
4481,1621
4482,1515
4483,1461
4484,1474
4485,1515
4486,1544
4487,1463
4488,1648
4489,1446
4490,1471
4491,1484
4492,1463
4493,1450
4494,1450
4495,1508
4496,1437
4497,1441
4498,1464
4499,1576
4500,1535
4501,1517
4502,1458
4503,1450
4504,1514
4505,1509
4506,1506
4507,1443
4508,1513
4509,1510
4510,1442
4511,1453
4512,1556
4513,1597
4514,1522
4515,1450
4516,1479
4517,1449
4518,1450
4519,1589
4520,1451
4521,1443
4522,1632
4523,1532
4524,1454
4525,1575
4526,1459
4527,1450
4528,1420
4529,1441
4530,1450
4531,1490
4532,1455
4533,1553
4534,1608
4535,1455
4536,1483
4537,1499
4538,1435
4539,1656
4540,1450
4541,1545
4542,1475
4543,1485
4544,1450
4545,1451
4546,1460
4547,1468
4548,1449
4549,1451
4550,1544
4551,1460
4552,1448
4553,1449
4554,1449
4555,1482
4556,1442
4557,1600
4558,1450
4559,1460
4560,1450
4561,1614
4562,1459
4563,1446
4564,1605
4565,1549
4566,1437
4567,1484
4568,1484
4569,1450
4570,1451
4571,1518
4572,1491
4573,1508
4574,1471
4575,1521
4576,1466
4577,1443
4578,1469
4579,1517
4580,1503
4581,1440
4582,1489
4583,1440
4584,1488
4585,1486
4586,1528
4587,1560
4588,1450
4589,1440
4590,1507
4591,1465
4592,1522
4593,1529
4594,1464
4595,1487
4596,1454
4597,1423
4598,1488
4599,1450
4600,1462
4601,1453
4602,1450
4603,1537
4604,1440
4605,1450
4606,1459
4607,1567
4608,1505
4609,1444
4610,1577
4611,1580
4612,1453
4613,1633
4614,1443
4615,1460
4616,1421
4617,1477
4618,1516
4619,1501
4620,1450
4621,1448
4622,1470
4623,1541
4624,1547
4625,1451
4626,1408
4627,1574
4628,1470
4629,1439
4630,1468
4631,1450
4632,1473
4633,1451
4634,1463
4635,1655
4636,1450
4637,1511
4638,1562
4639,1530
4640,1445
4641,1478
4642,1456
4643,1467
4644,1450
4645,1509
4646,1505
4647,1450
4648,1447
4649,1432
4650,1461
4651,1449
4652,1469
4653,1558
4654,1457
4655,1541
4656,1551
4657,1419
4658,1450
4659,1441
4660,1450
4661,1459
4662,1536
4663,1489
4664,1436
4665,1466
4666,1460
4667,1437
4668,1459
4669,1486
4670,1445
4671,1436
4672,1447
4673,1450
4674,1469
4675,1443
4676,1443
4677,1450
4678,1600
4679,1450
4680,1600
4681,1523
4682,1487
4683,1488
4684,1430
4685,1434
4686,1450
4687,1454
4688,1557
4689,1459
4690,1467
4691,1450
4692,1517
4693,1455
4694,1456
4695,1453
4696,1489
4697,1450
4698,1581
4699,1450
4700,1450
4701,1549
4702,1453
4703,1472
4704,1494
4705,1454
4706,1443
4707,1442
4708,1454
4709,1450
4710,1450
4711,1467
4712,1445
4713,1446
4714,1436
4715,1495
4716,1478
4717,1472
4718,1465
4719,1510
4720,1444
4721,1446
4722,1450
4723,1447
4724,1457
4725,1442
4726,1467
4727,1444
4728,1558
4729,1442
4730,1450
4731,1462
4732,1464
4733,1428
4734,1445
4735,1491
4736,1455
4737,1540
4738,1543
4739,1443
4740,1462
4741,1492
4742,1440
4743,1450
4744,1502
4745,1455
4746,1454
4747,1442
4748,1476
4749,1522
4750,1517
4751,1453
4752,1450
4753,1443
4754,1433
4755,1442
4756,1450
4757,1433
4758,1484
4759,1450
4760,1450
4761,1570
4762,1431
4763,1438
4764,1382
4765,1464
4766,1450
4767,1445
4768,1506
4769,1486
4770,1450
4771,1447
4772,1452
4773,1379
4774,1537
4775,1521
4776,1602
4777,1478
4778,1530
4779,1550
4780,1468
4781,1448
4782,1460
4783,1495
4784,1491
4785,1444
4786,1549
4787,1472
4788,1442
4789,1442
4790,1447
4791,1441
4792,1430
4793,1446
4794,1437
4795,1549
4796,1503
4797,1461
4798,1448
4799,1475
4800,1454
4801,1421
4802,1434
4803,1453
4804,1451
4805,1460
4806,1450
4807,1447
4808,1438
4809,1449
4810,1526
4811,1544
4812,1455
4813,1450
4814,1568
4815,1477
4816,1456
4817,1427
4818,1526
4819,1530
4820,1448
4821,1498
4822,1450
4823,1432
4824,1472
4825,1461
4826,1450
4827,1502
4828,1545
4829,1497
4830,1445
4831,1450
4832,1442
4833,1448
4834,1448
4835,1465
4836,1452
4837,1450
4838,1459
4839,1447
4840,1425
4841,1474
4842,1445
4843,1452
4844,1450
4845,1484
4846,1441
4847,1431
4848,1448
4849,1456
4850,1452
4851,1492
4852,1445
4853,1457
4854,1483
4855,1589
4856,1415
4857,1450
4858,1450
4859,1503
4860,1450
4861,1450
4862,1450
4863,1450
4864,1450
4865,1450
4866,1450
4867,1450
4868,1450
4869,1450
4870,1450
4871,1450
4872,1450
4873,1450
4874,1450
4875,1450
4876,1450
4877,1450
4878,1450
4879,1450
4880,1450
4881,1450
4882,1450
4883,1450
4884,1450
4885,1450
4886,1450
4887,1450
4888,1450
4889,1450
4890,1450
4891,1450
4892,1450
4893,1450
4894,1450
4895,1450
4896,1450
4897,1450
4898,1450
4899,1450
4900,1450
4901,1472
4902,1443
4903,1578
4904,1507
4905,1580
4906,1549
4907,1565
4908,1529
4909,1619
4910,1708
4911,1713
4912,1434
4913,1531
4914,1541
4915,1568
4916,1450
4917,1619
4918,1554
4919,1474
4920,1527
4921,1432
4922,1449
4923,1433
4924,1499
4925,1502
4926,1538
4927,1452
4928,1458
4929,1516
4930,1535
4931,1545
4932,1508
4933,1434
4934,1450
4935,1514
4936,1527
4937,1450
4938,1468
4939,1548
4940,1499
4941,1583
4942,1471
4943,1427
4944,1591
4945,1483
4946,1608
4947,1513
4948,1450
4949,1440
4950,1485
4951,1518
4952,1544
4953,1456
4954,1509
4955,1465
4956,1553
4957,1448
4958,1489
4959,1562
4960,1445
4961,1598
4962,1459
4963,1450
4964,1429
4965,1539
4966,1434
4967,1611
4968,1485
4969,1439
4970,1535
4971,1450
4972,1483
4973,1477
4974,1450
4975,1447
4976,1607
4977,1466
4978,1416
4979,1460
4980,1567
4981,1454
4982,1510
4983,1537
4984,1521
4985,1471
4986,1453
4987,1515
4988,1507
4989,1445
4990,1526
4991,1520
4992,1519
4993,1443
4994,1541
4995,1452
4996,1451
4997,1465
4998,1495
4999,1466
5000,1590
5001,1432
5002,1492
5003,1431
5004,1473
5005,1442
5006,1569
5007,1451
5008,1449
5009,1427
5010,1536
5011,1450
5012,1530
5013,1549
5014,1482
5015,1586
5016,1493
5017,1464
5018,1440
5019,1448
5020,1419
5021,1450
5022,1517
5023,1459
5024,1631
5025,1463
5026,1587
5027,1387
5028,1433
5029,1450
5030,1537
5031,1483
5032,1470
5033,1440
5034,1452
5035,1456
5036,1536
5037,1450
5038,1520
5039,1546
5040,1452
5041,1472
5042,1450
5043,1437
5044,1450
5045,1521
5046,1612
5047,1438
5048,1539
5049,1404
5050,1680
5051,1454
5052,1529
5053,1561
5054,1450
5055,1427
5056,1567
5057,1476
5058,1425
5059,1503
5060,1449
5061,1450
5062,1450
5063,1402
5064,1450
5065,1471
5066,1546
5067,1533
5068,1462
5069,1505
5070,1464
5071,1467
5072,1524
5073,1459
5074,1463
5075,1443
5076,1505
5077,1445
5078,1482
5079,1450
5080,1454
5081,1455
5082,1476
5083,1450
5084,1603
5085,1544
5086,1555
5087,1480
5088,1450
5089,1536
5090,1516
5091,1458
5092,1466
5093,1468
5094,1428
5095,1426
5096,1464
5097,1450
5098,1533
5099,1491
5100,1450
5101,1439
5102,1493
5103,1478
5104,1531
5105,1450
5106,1463
5107,1441
5108,1450
5109,1533
5110,1519
5111,1481
5112,1545
5113,1575
5114,1625
5115,1510
5116,1448
5117,1424
5118,1435
5119,1511
5120,1450
5121,1444
5122,1464
5123,1479
5124,1568
5125,1492
5126,1511
5127,1452
5128,1457
5129,1467
5130,1458
5131,1450
5132,1507
5133,1473
5134,1478
5135,1462
5136,1486
5137,1543
5138,1450
5139,1450
5140,1439
5141,1472
5142,1505
5143,1401
5144,1493
5145,1480
5146,1464
5147,1456
5148,1554
5149,1443
5150,1516
5151,1443
5152,1580
5153,1464
5154,1450
5155,1606
5156,1447
5157,1436
5158,1446
5159,1418
5160,1586
5161,1497
5162,1471
5163,1454
5164,1445
5165,1450
5166,1601
5167,1522
5168,1442
5169,1445
5170,1450
5171,1486
5172,1728
5173,1529
5174,1448
5175,1479
5176,1509
5177,1450
5178,1439
5179,1457
5180,1441
5181,1553
5182,1559
5183,1469
5184,1477
5185,1449
5186,1415
5187,1437
5188,1563
5189,1403
5190,1629
5191,1465
5192,1450
5193,1537
5194,1508
5195,1456
5196,1470
5197,1472
5198,1489
5199,1633
5200,1421
5201,1463
5202,1453
5203,1506
5204,1539
5205,1569
5206,1450
5207,1454
5208,1450
5209,1484
5210,1450
5211,1450
5212,1457
5213,1451
5214,1461
5215,1520
5216,1582
5217,1440
5218,1444
5219,1438
5220,1449
5221,1440
5222,1496
5223,1445
5224,1575
5225,1451
5226,1455
5227,1504
5228,1450
5229,1509
5230,1536
5231,1438
5232,1484
5233,1452
5234,1524
5235,1485
5236,1483
5237,1450
5238,1522
5239,1454
5240,1455
5241,1429
5242,1529
5243,1503
5244,1450
5245,1450
5246,1475
5247,1498
5248,1519
5249,1434
5250,1420
5251,1426
5252,1458
5253,1445
5254,1619
5255,1470
5256,1548
5257,1454
5258,1450
5259,1452
5260,1566
5261,1520
5262,1450
5263,1483
5264,1450
5265,1479
5266,1450
5267,1450
5268,1418
5269,1434
5270,1450
5271,1464
5272,1459
5273,1432
5274,1481
5275,1449
5276,1496
5277,1446
5278,1514
5279,1516
5280,1450
5281,1450
5282,1505
5283,1456
5284,1450
5285,1504
5286,1458
5287,1446
5288,1467
5289,1450
5290,1416
5291,1563
5292,1444
5293,1517
5294,1450
5295,1514
5296,1447
5297,1452
5298,1457
5299,1461
5300,1450
5301,1436
5302,1465
5303,1450
5304,1449
5305,1450
5306,1428
5307,1460
5308,1452
5309,1450
5310,1470
5311,1449
5312,1533
5313,1450
5314,1529
5315,1450
5316,1484
5317,1483
5318,1468
5319,1450
5320,1445
5321,1450
5322,1450
5323,1447
5324,1462
5325,1434
5326,1442
5327,1469
5328,1450
5329,1433
5330,1450
5331,1502
5332,1530
5333,1454
5334,1450
5335,1437
5336,1439
5337,1446
5338,1577
5339,1450
5340,1407
5341,1450
5342,1450
5343,1450
5344,1449
5345,1442
5346,1462
5347,1492
5348,1540
5349,1469
5350,1452
5351,1450
5352,1450
5353,1450
5354,1450
5355,1450
5356,1450
5357,1450
5358,1450
5359,1450
5360,1450
5361,1450
5362,1450
5363,1450
5364,1450
5365,1450
5366,1450
5367,1450
5368,1450
5369,1450
5370,1450
5371,1450
5372,1450
5373,1450
5374,1450
5375,1450
5376,1450
5377,1450
5378,1450
5379,1450
5380,1450
5381,1450
5382,1450
5383,1450
5384,1450
5385,1450
5386,1450
5387,1450
5388,1450
5389,1450
5390,1450
5391,1450
5392,1450
5393,1450
5394,1450
5395,1450
5396,1450
5397,1450
5398,1450
5399,1450
5400,1453
5401,1584
5402,1487
5403,1520
5404,1613
5405,1447
5406,1676
5407,1588
5408,1508
5409,1586
5410,1494
5411,1555
5412,1447
5413,1605
5414,1608
5415,1475
5416,1485
5417,1558
5418,1453
5419,1500
5420,1581
5421,1474
5422,1503
5423,1437
5424,1580
5425,1449
5426,1510
5427,1596
5428,1537
5429,1527
5430,1435
5431,1614
5432,1437
5433,1449
5434,1541
5435,1450
5436,1632
5437,1506
5438,1480
5439,1486
5440,1477
5441,1446
5442,1537
5443,1449
5444,1442
5445,1423
5446,1469
5447,1444
5448,1450
5449,1516
5450,1542
5451,1538
5452,1454
5453,1527
5454,1545
5455,1450
5456,1450
5457,1520
5458,1530
5459,1508
5460,1691
5461,1486
5462,1522
5463,1456
5464,1490
5465,1449
5466,1450
5467,1541
5468,1563
5469,1463
5470,1458
5471,1453
5472,1549
5473,1482
5474,1479
5475,1478
5476,1462
5477,1451
5478,1467
5479,1476
5480,1472
5481,1450
5482,1491
5483,1508
5484,1566
5485,1452
5486,1498
5487,1474
5488,1450
5489,1492
5490,1466
5491,1476
5492,1589
5493,1459
5494,1464
5495,1491
5496,1518
5497,1450
5498,1508
5499,1567
5500,1439
5501,1580
5502,1547
5503,1483
5504,1488
5505,1577
5506,1483
5507,1578
5508,1484
5509,1555
5510,1482
5511,1619
5512,1475
5513,1458
5514,1479
5515,1506
5516,1461
5517,1529
5518,1536
5519,1485
5520,1445
5521,1449
5522,1500
5523,1488
5524,1514
5525,1465
5526,1521
5527,1482
5528,1601
5529,1460
5530,1607
5531,1504
5532,1451
5533,1552
5534,1459
5535,1530
5536,1476
5537,1450
5538,1490
5539,1452
5540,1448
5541,1451
5542,1459
5543,1446
5544,1583
5545,1450
5546,1570
5547,1525
5548,1462
5549,1494
5550,1511
5551,1437
5552,1409
5553,1524
5554,1586
5555,1515
5556,1510
5557,1437
5558,1440
5559,1480
5560,1544
5561,1639
5562,1469
5563,1525
5564,1415
5565,1443
5566,1428
5567,1592
5568,1515
5569,1441
5570,1452
5571,1465
5572,1589
5573,1460
5574,1452
5575,1438
5576,1502
5577,1533
5578,1470
5579,1450
5580,1455
5581,1455
5582,1465
5583,1440
5584,1533
5585,1449
5586,1441
5587,1566
5588,1548
5589,1467
5590,1500
5591,1443
5592,1441
5593,1476
5594,1444
5595,1433
5596,1515
5597,1417
5598,1448
5599,1475
5600,1448
5601,1443
5602,1456
5603,1539
5604,1450
5605,1414
5606,1492
5607,1491
5608,1487
5609,1450
5610,1524
5611,1440
5612,1543
5613,1485
5614,1552
5615,1448
5616,1425
5617,1450
5618,1580
5619,1450
5620,1453
5621,1412
5622,1461
5623,1535
5624,1517
5625,1452
5626,1426
5627,1463
5628,1445
5629,1446
5630,1468
5631,1469
5632,1517
5633,1465
5634,1433
5635,1559
5636,1467
5637,1438
5638,1509
5639,1436
5640,1464
5641,1562
5642,1438
5643,1450
5644,1450
5645,1450
5646,1441
5647,1441
5648,1460
5649,1450
5650,1461
5651,1523
5652,1433
5653,1506
5654,1539
5655,1457
5656,1450
5657,1454
5658,1501
5659,1487
5660,1513
5661,1461
5662,1450
5663,1567
5664,1405
5665,1452
5666,1473
5667,1510
5668,1450
5669,1481
5670,1453
5671,1450
5672,1508
5673,1450
5674,1563
5675,1589
5676,1619
5677,1516
5678,1461
5679,1477
5680,1441
5681,1461
5682,1463
5683,1509
5684,1561
5685,1479
5686,1501
5687,1665
5688,1489
5689,1468
5690,1525
5691,1455
5692,1476
5693,1450
5694,1455
5695,1498
5696,1510
5697,1570
5698,1450
5699,1481
5700,1547
5701,1433
5702,1498
5703,1484
5704,1442
5705,1440
5706,1446
5707,1450
5708,1456
5709,1465
5710,1487
5711,1474
5712,1602
5713,1506
5714,1466
5715,1499
5716,1499
5717,1437
5718,1450
5719,1517
5720,1472
5721,1447
5722,1432
5723,1450
5724,1510
5725,1440
5726,1479
5727,1517
5728,1447
5729,1446
5730,1489
5731,1454
5732,1449
5733,1456
5734,1471
5735,1555
5736,1546
5737,1446
5738,1461
5739,1442
5740,1517
5741,1450
5742,1464
5743,1450
5744,1392
5745,1466
5746,1475
5747,1510
5748,1500
5749,1456
5750,1451
5751,1450
5752,1504
5753,1474
5754,1468
5755,1450
5756,1507
5757,1450
5758,1435
5759,1457
5760,1445
5761,1456
5762,1491
5763,1490
5764,1450
5765,1417
5766,1450
5767,1450
5768,1455
5769,1450
5770,1450
5771,1458
5772,1451
5773,1431
5774,1483
5775,1472
5776,1449
5777,1427
5778,1450
5779,1458
5780,1450
5781,1482
5782,1463
5783,1477
5784,1475
5785,1420
5786,1470
5787,1465
5788,1450
5789,1450
5790,1450
5791,1450
5792,1450
5793,1450
5794,1450
5795,1450
5796,1450
5797,1450
5798,1450
5799,1450
5800,1454
5801,1613
5802,1591
5803,1584
5804,1572
5805,1516
5806,1495
5807,1487
5808,1453
5809,1499
5810,1475
5811,1543
5812,1451
5813,1556
5814,1445
5815,1450
5816,1493
5817,1559
5818,1567
5819,1496
5820,1430
5821,1450
5822,1533
5823,1505
5824,1455
5825,1450
5826,1490
5827,1558
5828,1426
5829,1502
5830,1505
5831,1458
5832,1448
5833,1450
5834,1516
5835,1404
5836,1450
5837,1441
5838,1457
5839,1538
5840,1516
5841,1475
5842,1511
5843,1549
5844,1456
5845,1452
5846,1567
5847,1586
5848,1454
5849,1443
5850,1450
5851,1537
5852,1469
5853,1507
5854,1484
5855,1473
5856,1544
5857,1470
5858,1433
5859,1465
5860,1546
5861,1450
5862,1450
5863,1441
5864,1471
5865,1491
5866,1533
5867,1450
5868,1450
5869,1425
5870,1468
5871,1453
5872,1510
5873,1450
5874,1482
5875,1438
5876,1456
5877,1424
5878,1510
5879,1456
5880,1450
5881,1462
5882,1439
5883,1556
5884,1443
5885,1563
5886,1449
5887,1491
5888,1453
5889,1521
5890,1450
5891,1484
5892,1610
5893,1444
5894,1498
5895,1636
5896,1450
5897,1476
5898,1443
5899,1486
5900,1496
5901,1536
5902,1486
5903,1513
5904,1450
5905,1452
5906,1440
5907,1543
5908,1451
5909,1450
5910,1534
5911,1460
5912,1517
5913,1536
5914,1520
5915,1478
5916,1450
5917,1450
5918,1461
5919,1489
5920,1559
5921,1485
5922,1450
5923,1457
5924,1459
5925,1450
5926,1514
5927,1625
5928,1474
5929,1457
5930,1520
5931,1466
5932,1443
5933,1578
5934,1515
5935,1469
5936,1463
5937,1508
5938,1477
5939,1446
5940,1536
5941,1495
5942,1508
5943,1479
5944,1472
5945,1535
5946,1454
5947,1449
5948,1507
5949,1501
5950,1512
5951,1539
5952,1458
5953,1450
5954,1454
5955,1465
5956,1447
5957,1511
5958,1461
5959,1463
5960,1476
5961,1439
5962,1503
5963,1469
5964,1486
5965,1488
5966,1470
5967,1450
5968,1469
5969,1443
5970,1499
5971,1440
5972,1450
5973,1469
5974,1448
5975,1500
5976,1528
5977,1447
5978,1450
5979,1447
5980,1539
5981,1475
5982,1474
5983,1438
5984,1422
5985,1615
5986,1546
5987,1571
5988,1467
5989,1479
5990,1571
5991,1479
5992,1547
5993,1499
5994,1446
5995,1450
5996,1430
5997,1497
5998,1437
5999,1427
6000,1481
6001,1478
6002,1522
6003,1513
6004,1519
6005,1473
6006,1450
6007,1396
6008,1466
6009,1522
6010,1449
6011,1457
6012,1466
6013,1491
6014,1523
6015,1456
6016,1509
6017,1498
6018,1404
6019,1496
6020,1581
6021,1416
6022,1515
6023,1519
6024,1522
6025,1581
6026,1489
6027,1512
6028,1455
6029,1493
6030,1450
6031,1450
6032,1530
6033,1526
6034,1445
6035,1434
6036,1508
6037,1450
6038,1522
6039,1473
6040,1449
6041,1452
6042,1450
6043,1498
6044,1414
6045,1468
6046,1455
6047,1424
6048,1447
6049,1471
6050,1458
6051,1442
6052,1465
6053,1455
6054,1473
6055,1558
6056,1466
6057,1465
6058,1425
6059,1460
6060,1509
6061,1487
6062,1462
6063,1450
6064,1500
6065,1513
6066,1497
6067,1546
6068,1533
6069,1462
6070,1483
6071,1483
6072,1515
6073,1508
6074,1472
6075,1470
6076,1467
6077,1571
6078,1493
6079,1519
6080,1450
6081,1550
6082,1480
6083,1508
6084,1444
6085,1494
6086,1525
6087,1583
6088,1483
6089,1446
6090,1611
6091,1490
6092,1435
6093,1504
6094,1498
6095,1449
6096,1462
6097,1524
6098,1503
6099,1527
6100,1542
6101,1496
6102,1470
6103,1446
6104,1569
6105,1426
6106,1504
6107,1462
6108,1497
6109,1453
6110,1540
6111,1482
6112,1504
6113,1542
6114,1459
6115,1450
6116,1442
6117,1547
6118,1436
6119,1466
6120,1540
6121,1567
6122,1503
6123,1458
6124,1450
6125,1471
6126,1420
6127,1451
6128,1449
6129,1459
6130,1464
6131,1497
6132,1483
6133,1484
6134,1451
6135,1551
6136,1455
6137,1428
6138,1476
6139,1479
6140,1462
6141,1471
6142,1450
6143,1444
6144,1520
6145,1410
6146,1446
6147,1403
6148,1450
6149,1459
6150,1485
6151,1450
6152,1460
6153,1531
6154,1452
6155,1485
6156,1417
6157,1459
6158,1458
6159,1450
6160,1464
6161,1530
6162,1441
6163,1448
6164,1457
6165,1445
6166,1455
6167,1449
6168,1475
6169,1459
6170,1498
6171,1510
6172,1514
6173,1451
6174,1469
6175,1475
6176,1412
6177,1493
6178,1441
6179,1430
6180,1467
6181,1463
6182,1450
6183,1461
6184,1451
6185,1455
6186,1450
6187,1440
6188,1486
6189,1460
6190,1467
6191,1456
6192,1450
6193,1592
6194,1481
6195,1408
6196,1456
6197,1450
6198,1445
6199,1450
6200,1544
6201,1551
6202,1474
6203,1497
6204,1456
6205,1450
6206,1450
6207,1450
6208,1461
6209,1450
6210,1445
6211,1450
6212,1449
6213,1440
6214,1466
6215,1470
6216,1450
6217,1519
6218,1429
6219,1429
6220,1463
6221,1459
6222,1452
6223,1462
6224,1549
6225,1495
6226,1577
6227,1452
6228,1479
6229,1458
6230,1476
6231,1448
6232,1460
6233,1450
6234,1450
6235,1472
6236,1468
6237,1512
6238,1452
6239,1521
6240,1423
6241,1445
6242,1450
6243,1450
6244,1450
6245,1450
6246,1450
6247,1450
6248,1450
6249,1450
6250,1450
6251,1450
6252,1450
6253,1450
6254,1450
6255,1450
6256,1450
6257,1450
6258,1450
6259,1450
6260,1450
6261,1450
6262,1450
6263,1450
6264,1450
6265,1450
6266,1450
6267,1450
6268,1450
6269,1450
6270,1450
6271,1450
6272,1450
6273,1450
6274,1450
6275,1450
6276,1450
6277,1450
6278,1450
6279,1450
6280,1450
6281,1450
6282,1450
6283,1450
6284,1450
6285,1450
6286,1450
6287,1450
6288,1450
6289,1450
6290,1450
6291,1450
6292,1450
6293,1450
6294,1450
6295,1450
6296,1450
6297,1450
6298,1450
6299,1450
6300,1544
6301,1449
6302,1470
6303,1445
6304,1515
6305,1478
6306,1430
6307,1450
6308,1419
6309,1435
6310,1450
6311,1450
6312,1452
6313,1450
6314,1498
6315,1491
6316,1450
6317,1514
6318,1462
6319,1432
6320,1437
6321,1530
6322,1471
6323,1488
6324,1516
6325,1480
6326,1475
6327,1483
6328,1599
6329,1617
6330,1460
6331,1478
6332,1454
6333,1467
6334,1573
6335,1474
6336,1553
6337,1530
6338,1456
6339,1403
6340,1547
6341,1474
6342,1469
6343,1528
6344,1588
6345,1494
6346,1485
6347,1480
6348,1520
6349,1463
6350,1509
6351,1472
6352,1518
6353,1487
6354,1470
6355,1433
6356,1451
6357,1513
6358,1514
6359,1491
6360,1446
6361,1490
6362,1436
6363,1441
6364,1516
6365,1446
6366,1506
6367,1483
6368,1450
6369,1493
6370,1450
6371,1444
6372,1432
6373,1438
6374,1449
6375,1452
6376,1430
6377,1574
6378,1556
6379,1413
6380,1455
6381,1521
6382,1447
6383,1425
6384,1450
6385,1456
6386,1515
6387,1496
6388,1448
6389,1450
6390,1527
6391,1513
6392,1468
6393,1436
6394,1485
6395,1450
6396,1466
6397,1489
6398,1464
6399,1417
6400,1456
6401,1516
6402,1463
6403,1472
6404,1485
6405,1450
6406,1527
6407,1437
6408,1456
6409,1453
6410,1413
6411,1553
6412,1425
6413,1460
6414,1441
6415,1500
6416,1444
6417,1560
6418,1549
6419,1481
6420,1486
6421,1501
6422,1465
6423,1463
6424,1553
6425,1481
6426,1462
6427,1450
6428,1427
6429,1561
6430,1426
6431,1461
6432,1467
6433,1441
6434,1506
6435,1432
6436,1465
6437,1470
6438,1450
6439,1468
6440,1456
6441,1408
6442,1501
6443,1604
6444,1466
6445,1545
6446,1450
6447,1431
6448,1456
6449,1419
6450,1445
6451,1524
6452,1450
6453,1450
6454,1450
6455,1478
6456,1472
6457,1440
6458,1465
6459,1453
6460,1459
6461,1508
6462,1436
6463,1455
6464,1464
6465,1539
6466,1450
6467,1452
6468,1452
6469,1450
6470,1450
6471,1547
6472,1453
6473,1469
6474,1564
6475,1450
6476,1458
6477,1450
6478,1450
6479,1549
6480,1419
6481,1489
6482,1457
6483,1484
6484,1457
6485,1557
6486,1450
6487,1478
6488,1455
6489,1477
6490,1502
6491,1466
6492,1456
6493,1520
6494,1441
6495,1450
6496,1490
6497,1450
6498,1553
6499,1439
6500,1513
6501,1450
6502,1582
6503,1488
6504,1496
6505,1446
6506,1485
6507,1453
6508,1529
6509,1435
6510,1536
6511,1450
6512,1466
6513,1498
6514,1474
6515,1430
6516,1450
6517,1477
6518,1469
6519,1480
6520,1472
6521,1450
6522,1456
6523,1438
6524,1407
6525,1460
6526,1469
6527,1483
6528,1550
6529,1453
6530,1478
6531,1442
6532,1467
6533,1431
6534,1455
6535,1430
6536,1440
6537,1456
6538,1508
6539,1450
6540,1412
6541,1401
6542,1459
6543,1481
6544,1505
6545,1456
6546,1465
6547,1460
6548,1558
6549,1450
6550,1527
6551,1450
6552,1432
6553,1421
6554,1445
6555,1450
6556,1504
6557,1465
6558,1473
6559,1472
6560,1598
6561,1489
6562,1453
6563,1424
6564,1454
6565,1512
6566,1500
6567,1498
6568,1476
6569,1546
6570,1510
6571,1444
6572,1450
6573,1508
6574,1519
6575,1408
6576,1450
6577,1450
6578,1450
6579,1554
6580,1483
6581,1450
6582,1518
6583,1438
6584,1517
6585,1462
6586,1450
6587,1450
6588,1499
6589,1445
6590,1447
6591,1525
6592,1464
6593,1472
6594,1441
6595,1490
6596,1450
6597,1477
6598,1450
6599,1459
6600,1440
6601,1447
6602,1453
6603,1450
6604,1449
6605,1424
6606,1459
6607,1459
6608,1476
6609,1438
6610,1448
6611,1429
6612,1426
6613,1501
6614,1432
6615,1514
6616,1531
6617,1463
6618,1601
6619,1432
6620,1511
6621,1471
6622,1438
6623,1450
6624,1460
6625,1450
6626,1440
6627,1467
6628,1485
6629,1450
6630,1485
6631,1484
6632,1497
6633,1443
6634,1452
6635,1482
6636,1447
6637,1628
6638,1466
6639,1491
6640,1527
6641,1449
6642,1466
6643,1411
6644,1442
6645,1448
6646,1510
6647,1569
6648,1437
6649,1448
6650,1461
6651,1471
6652,1461
6653,1450
6654,1434
6655,1471
6656,1476
6657,1474
6658,1463
6659,1455
6660,1436
6661,1450
6662,1442
6663,1433
6664,1434
6665,1462
6666,1439
6667,1434
6668,1447
6669,1452
6670,1428
6671,1460
6672,1610
6673,1443
6674,1475
6675,1473
6676,1444
6677,1427
6678,1450
6679,1489
6680,1428
6681,1450
6682,1493
6683,1433
6684,1438
6685,1426
6686,1466
6687,1449
6688,1414
6689,1452
6690,1483
6691,1524
6692,1426
6693,1433
6694,1484
6695,1513
6696,1516
6697,1454
6698,1450
6699,1445
6700,1438
6701,1413
6702,1497
6703,1433
6704,1487
6705,1582
6706,1489
6707,1379
6708,1454
6709,1462
6710,1445
6711,1425
6712,1462
6713,1450
6714,1426
6715,1442
6716,1444
6717,1485
6718,1422
6719,1474
6720,1450
6721,1556
6722,1485
6723,1588
6724,1441
6725,1487
6726,1450
6727,1451
6728,1445
6729,1549
6730,1453
6731,1495
6732,1404
6733,1438
6734,1450
6735,1450
6736,1517
6737,1465
6738,1505
6739,1415
6740,1489
6741,1499
6742,1556
6743,1431
6744,1487
6745,1450
6746,1477
6747,1450
6748,1430
6749,1446
6750,1463
6751,1453
6752,1453
6753,1538
6754,1424
6755,1435
6756,1450
6757,1450
6758,1455
6759,1450
6760,1450
6761,1450
6762,1469
6763,1559
6764,1427
6765,1454
6766,1453
6767,1450
6768,1522
6769,1434
6770,1451
6771,1467
6772,1450
6773,1450
6774,1450
6775,1450
6776,1450
6777,1450
6778,1450
6779,1450
6780,1450
6781,1450
6782,1450
6783,1450
6784,1450
6785,1450
6786,1450
6787,1450
6788,1450
6789,1450
6790,1450
6791,1450
6792,1450
6793,1450
6794,1450
6795,1450
6796,1450
6797,1450
6798,1450
6799,1450
6800,1551
6801,1470
6802,1550
6803,1552
6804,1475
6805,1498
6806,1518
6807,1418
6808,1480
6809,1462
6810,1450
6811,1444
6812,1438
6813,1458
6814,1518
6815,1450
6816,1450
6817,1433
6818,1441
6819,1435
6820,1456
6821,1464
6822,1484
6823,1509
6824,1554
6825,1432
6826,1441
6827,1489
6828,1450
6829,1537
6830,1444
6831,1537
6832,1447
6833,1522
6834,1457
6835,1450
6836,1486
6837,1434
6838,1536
6839,1450
6840,1430
6841,1490
6842,1465
6843,1497
6844,1483
6845,1528
6846,1452
6847,1460
6848,1450
6849,1450
6850,1449
6851,1468
6852,1498
6853,1450
6854,1476
6855,1493
6856,1456
6857,1450
6858,1448
6859,1473
6860,1481
6861,1548
6862,1401
6863,1437
6864,1449
6865,1457
6866,1491
6867,1562
6868,1465
6869,1496
6870,1471
6871,1508
6872,1456
6873,1412
6874,1406
6875,1487
6876,1450
6877,1506
6878,1518
6879,1450
6880,1520
6881,1444
6882,1548
6883,1461
6884,1475
6885,1464
6886,1562
6887,1514
6888,1464
6889,1449
6890,1450
6891,1459
6892,1438
6893,1490
6894,1465
6895,1457
6896,1495
6897,1478
6898,1482
6899,1443
6900,1437
6901,1480
6902,1453
6903,1450
6904,1477
6905,1487
6906,1391
6907,1549
6908,1536
6909,1494
6910,1485
6911,1507
6912,1441
6913,1442
6914,1479
6915,1439
6916,1422
6917,1457
6918,1481
6919,1595
6920,1442
6921,1465
6922,1448
6923,1422
6924,1450
6925,1494
6926,1435
6927,1393
6928,1474
6929,1477
6930,1450
6931,1437
6932,1478
6933,1547
6934,1480
6935,1485
6936,1484
6937,1442
6938,1421
6939,1450
6940,1439
6941,1531
6942,1450
6943,1498
6944,1463
6945,1530
6946,1452
6947,1470
6948,1499
6949,1466
6950,1448
6951,1482
6952,1465
6953,1412
6954,1448
6955,1466
6956,1502
6957,1476
6958,1499
6959,1472
6960,1423
6961,1429
6962,1483
6963,1509
6964,1503
6965,1446
6966,1450
6967,1442
6968,1447
6969,1471
6970,1467
6971,1412
6972,1450
6973,1450
6974,1512
6975,1447
6976,1442
6977,1473
6978,1534
6979,1448
6980,1450
6981,1454
6982,1433
6983,1438
6984,1450
6985,1495
6986,1535
6987,1463
6988,1505
6989,1529
6990,1471
6991,1476
6992,1498
6993,1458
6994,1450
6995,1466
6996,1494
6997,1443
6998,1460
6999,1442
7000,1421
7001,1431
7002,1437
7003,1450
7004,1486
7005,1450
7006,1453
7007,1450
7008,1450
7009,1432
7010,1478
7011,1450
7012,1450
7013,1479
7014,1450
7015,1450
7016,1451
7017,1458
7018,1461
7019,1434
7020,1491
7021,1606
7022,1500
7023,1452
7024,1452
7025,1443
7026,1514
7027,1451
7028,1546
7029,1453
7030,1473
7031,1465
7032,1419
7033,1455
7034,1545
7035,1459
7036,1454
7037,1414
7038,1471
7039,1571
7040,1441
7041,1465
7042,1512
7043,1451
7044,1450
7045,1472
7046,1441
7047,1480
7048,1460
7049,1450
7050,1420
7051,1506
7052,1459
7053,1486
7054,1503
7055,1455
7056,1556
7057,1453
7058,1495
7059,1468
7060,1448
7061,1450
7062,1450
7063,1438
7064,1498
7065,1457
7066,1451
7067,1522
7068,1471
7069,1464
7070,1457
7071,1429
7072,1511
7073,1447
7074,1488
7075,1420
7076,1471
7077,1430
7078,1450
7079,1512
7080,1470
7081,1460
7082,1450
7083,1441
7084,1483
7085,1485
7086,1494
7087,1450
7088,1491
7089,1450
7090,1450
7091,1435
7092,1450
7093,1427
7094,1434
7095,1430
7096,1410
7097,1460
7098,1450
7099,1450
7100,1450
7101,1441
7102,1459
7103,1475
7104,1535
7105,1450
7106,1468
7107,1479
7108,1524
7109,1487
7110,1532
7111,1498
7112,1478
7113,1421
7114,1450
7115,1449
7116,1467
7117,1476
7118,1508
7119,1466
7120,1445
7121,1514
7122,1442
7123,1461
7124,1461
7125,1434
7126,1436
7127,1538
7128,1447
7129,1433
7130,1494
7131,1450
7132,1450
7133,1465
7134,1435
7135,1482
7136,1462
7137,1450
7138,1458
7139,1450
7140,1517
7141,1441
7142,1459
7143,1452
7144,1481
7145,1443
7146,1429
7147,1464
7148,1468
7149,1458
7150,1415
7151,1418
7152,1486
7153,1467
7154,1538
7155,1436
7156,1470
7157,1480
7158,1469
7159,1450
7160,1595
7161,1477
7162,1455
7163,1424
7164,1482
7165,1486
7166,1500
7167,1479
7168,1470
7169,1514
7170,1486
7171,1469
7172,1451
7173,1450
7174,1537
7175,1457
7176,1438
7177,1516
7178,1554
7179,1579
7180,1414
7181,1450
7182,1450
7183,1421
7184,1434
7185,1452
7186,1450
7187,1529
7188,1504
7189,1446
7190,1520
7191,1510
7192,1491
7193,1471
7194,1434
7195,1513
7196,1477
7197,1515
7198,1494
7199,1450
7200,1505
7201,1471
7202,1480
7203,1446
7204,1417
7205,1426
7206,1530
7207,1450
7208,1483
7209,1499
7210,1463
7211,1543
7212,1428
7213,1482
7214,1500
7215,1406
7216,1471
7217,1456
7218,1470
7219,1448
7220,1537
7221,1463
7222,1496
7223,1462
7224,1462
7225,1580
7226,1491
7227,1438
7228,1423
7229,1432
7230,1467
7231,1469
7232,1478
7233,1450
7234,1477
7235,1452
7236,1450
7237,1507
7238,1433
7239,1506
7240,1461
7241,1450
7242,1418
7243,1469
7244,1497
7245,1433
7246,1445
7247,1476
7248,1463
7249,1423
7250,1482
7251,1511
7252,1450
7253,1450
7254,1485
7255,1460
7256,1478
7257,1464
7258,1430
7259,1451
7260,1441
7261,1450
7262,1466
7263,1435
7264,1456
7265,1531
7266,1443
7267,1494
7268,1434
7269,1433
7270,1451
7271,1497
7272,1434
7273,1433
7274,1473
7275,1460
7276,1450
7277,1444
7278,1477
7279,1450
7280,1455
7281,1450
7282,1450
7283,1450
7284,1450
7285,1532
7286,1425
7287,1461
7288,1414
7289,1539
7290,1442
7291,1432
7292,1464
7293,1493
7294,1430
7295,1456
7296,1519
7297,1451
7298,1428
7299,1465
7300,1450
7301,1427
7302,1447
7303,1440
7304,1450
7305,1450
7306,1450
7307,1450
7308,1477
7309,1426
7310,1450
7311,1427
7312,1506
7313,1430
7314,1446
7315,1505
7316,1437
7317,1457
7318,1459
7319,1453
7320,1450
7321,1398
7322,1466
7323,1444
7324,1406
7325,1450
7326,1445
7327,1483
7328,1450
7329,1489
7330,1423
7331,1467
7332,1450
7333,1450
7334,1450
7335,1450
7336,1450
7337,1450
7338,1450
7339,1450
7340,1450
7341,1450
7342,1450
7343,1450
7344,1450
7345,1450
7346,1450
7347,1450
7348,1450
7349,1450
7350,1450
7351,1450
7352,1450
7353,1450
7354,1450
7355,1450
7356,1450
7357,1450
7358,1450
7359,1450
7360,1450
7361,1450
7362,1450
7363,1450
7364,1450
7365,1450
7366,1450
7367,1450
7368,1450
7369,1450
7370,1450
7371,1450
7372,1450
7373,1450
7374,1450
7375,1450
7376,1450
7377,1450
7378,1450
7379,1450
7380,1450
7381,1450
7382,1450
7383,1450
7384,1450
7385,1450
7386,1450
7387,1450
7388,1450
7389,1450
7390,1450
7391,1450
7392,1450
7393,1450
7394,1450
7395,1450
7396,1450
7397,1450
7398,1450
7399,1450
7400,1480
7401,1435
7402,1450
7403,1454
7404,1450
7405,1450
7406,1446
7407,1588
7408,1431
7409,1471
7410,1487
7411,1533
7412,1445
7413,1490
7414,1502
7415,1426
7416,1518
7417,1463
7418,1488
7419,1524
7420,1450
7421,1468
7422,1439
7423,1450
7424,1469
7425,1486
7426,1559
7427,1476
7428,1451
7429,1456
7430,1448
7431,1486
7432,1472
7433,1520
7434,1462
7435,1445
7436,1460
7437,1450
7438,1501
7439,1432
7440,1429
7441,1454
7442,1465
7443,1536
7444,1480
7445,1489
7446,1481
7447,1486
7448,1451
7449,1536
7450,1501
7451,1535
7452,1457
7453,1450
7454,1559
7455,1426
7456,1480
7457,1645
7458,1498
7459,1449
7460,1467
7461,1493
7462,1452
7463,1467
7464,1492
7465,1412
7466,1424
7467,1416
7468,1469
7469,1435
7470,1477
7471,1446
7472,1452
7473,1455
7474,1422
7475,1501
7476,1488
7477,1452
7478,1434
7479,1450
7480,1523
7481,1449
7482,1463
7483,1475
7484,1456
7485,1435
7486,1454
7487,1423
7488,1428
7489,1459
7490,1448
7491,1550
7492,1535
7493,1450
7494,1537
7495,1486
7496,1445
7497,1463
7498,1655
7499,1475
7500,1483
7501,1516
7502,1515
7503,1463
7504,1480
7505,1449
7506,1440
7507,1450
7508,1450
7509,1499
7510,1472
7511,1469
7512,1429
7513,1428
7514,1504
7515,1446
7516,1446
7517,1450
7518,1447
7519,1455
7520,1465
7521,1537
7522,1504
7523,1484
7524,1413
7525,1481
7526,1477
7527,1477
7528,1472
7529,1459
7530,1487
7531,1473
7532,1447
7533,1438
7534,1463
7535,1456
7536,1476
7537,1459
7538,1480
7539,1487
7540,1481
7541,1466
7542,1450
7543,1450
7544,1481
7545,1450
7546,1449
7547,1467
7548,1448
7549,1414
7550,1450
7551,1457
7552,1439
7553,1572
7554,1473
7555,1435
7556,1450
7557,1450
7558,1558
7559,1450
7560,1446
7561,1458
7562,1452
7563,1455
7564,1460
7565,1457
7566,1442
7567,1452
7568,1454
7569,1405
7570,1470
7571,1450
7572,1450
7573,1449
7574,1478
7575,1452
7576,1465
7577,1418
7578,1446
7579,1450
7580,1450
7581,1450
7582,1450
7583,1463
7584,1450
7585,1443
7586,1432
7587,1489
7588,1449
7589,1471
7590,1466
7591,1469
7592,1450
7593,1479
7594,1444
7595,1452
7596,1437
7597,1465
7598,1500
7599,1426
7600,1454
7601,1414
7602,1485
7603,1480
7604,1450
7605,1506
7606,1450
7607,1414
7608,1470
7609,1459
7610,1450
7611,1452
7612,1450
7613,1456
7614,1448
7615,1449
7616,1487
7617,1524
7618,1450
7619,1479
7620,1527
7621,1469
7622,1450
7623,1472
7624,1450
7625,1450
7626,1486
7627,1478
7628,1441
7629,1439
7630,1450
7631,1458
7632,1451
7633,1450
7634,1475
7635,1443
7636,1438
7637,1450
7638,1480
7639,1450
7640,1450
7641,1451
7642,1450
7643,1450
7644,1446
7645,1479
7646,1442
7647,1450
7648,1426
7649,1441
7650,1482
7651,1504
7652,1442
7653,1460
7654,1436
7655,1449
7656,1509
7657,1504
7658,1488
7659,1468
7660,1586
7661,1446
7662,1481
7663,1509
7664,1528
7665,1454
7666,1450
7667,1496
7668,1449
7669,1428
7670,1440
7671,1530
7672,1474
7673,1474
7674,1466
7675,1486
7676,1459
7677,1475
7678,1452
7679,1450
7680,1450
7681,1450
7682,1465
7683,1423
7684,1468
7685,1450
7686,1439
7687,1437
7688,1449
7689,1452
7690,1476
7691,1475
7692,1467
7693,1436
7694,1492
7695,1478
7696,1447
7697,1450
7698,1450
7699,1439
7700,1457
7701,1453
7702,1449
7703,1444
7704,1423
7705,1450
7706,1466
7707,1427
7708,1447
7709,1450
7710,1455
7711,1450
7712,1495
7713,1517
7714,1475
7715,1454
7716,1446
7717,1441
7718,1455
7719,1435
7720,1450
7721,1481
7722,1481
7723,1485
7724,1512
7725,1486
7726,1450
7727,1450
7728,1462
7729,1442
7730,1450
7731,1450
7732,1438
7733,1450
7734,1450
7735,1527
7736,1447
7737,1454
7738,1493
7739,1446
7740,1456
7741,1494
7742,1448
7743,1450
7744,1468
7745,1450
7746,1451
7747,1464
7748,1425
7749,1440
7750,1445
7751,1448
7752,1450
7753,1465
7754,1481
7755,1463
7756,1450
7757,1496
7758,1485
7759,1455
7760,1487
7761,1443
7762,1514
7763,1534
7764,1450
7765,1450
7766,1438
7767,1486
7768,1483
7769,1535
7770,1523
7771,1450
7772,1455
7773,1475
7774,1462
7775,1450
7776,1482
7777,1450
7778,1453
7779,1450
7780,1468
7781,1428
7782,1540
7783,1460
7784,1435
7785,1493
7786,1450
7787,1482
7788,1450
7789,1469
7790,1513
7791,1479
7792,1450
7793,1450
7794,1483
7795,1479
7796,1493
7797,1482
7798,1435
7799,1448
7800,1457
7801,1450
7802,1437
7803,1457
7804,1475
7805,1437
7806,1450
7807,1480
7808,1473
7809,1520
7810,1461
7811,1461
7812,1457
7813,1474
7814,1468
7815,1454
7816,1488
7817,1490
7818,1469
7819,1450
7820,1436
7821,1450
7822,1497
7823,1481
7824,1450
7825,1450
7826,1440
7827,1452
7828,1441
7829,1450
7830,1516
7831,1414
7832,1450
7833,1446
7834,1447
7835,1450
7836,1476
7837,1463
7838,1455
7839,1416
7840,1523
7841,1452
7842,1457
7843,1445
7844,1469
7845,1539
7846,1479
7847,1427
7848,1475
7849,1441
7850,1460
7851,1481
7852,1450
7853,1443
7854,1439
7855,1461
7856,1447
7857,1461
7858,1497
7859,1467
7860,1450
7861,1460
7862,1450
7863,1450
7864,1470
7865,1445
7866,1450
7867,1450
7868,1438
7869,1489
7870,1452
7871,1440
7872,1484
7873,1450
7874,1440
7875,1421
7876,1450
7877,1509
7878,1419
7879,1457
7880,1463
7881,1450
7882,1450
7883,1485
7884,1454
7885,1463
7886,1493
7887,1473
7888,1450
7889,1450
7890,1530
7891,1473
7892,1441
7893,1412
7894,1468
7895,1423
7896,1436
7897,1460
7898,1473
7899,1447
7900,1447
7901,1450
7902,1474
7903,1450
7904,1450
7905,1477
7906,1456
7907,1460
7908,1482
7909,1406
7910,1455
7911,1487
7912,1451
7913,1485
7914,1450
7915,1441
7916,1450
7917,1450
7918,1450
7919,1450
7920,1450
7921,1450
7922,1450
7923,1450
7924,1450
7925,1450
7926,1450
7927,1450
7928,1450
7929,1450
7930,1450
7931,1450
7932,1450
7933,1450
7934,1450
7935,1450
7936,1450
7937,1450
7938,1450
7939,1450
7940,1450
7941,1450
7942,1450
7943,1450
7944,1450
7945,1450
7946,1450
7947,1450
7948,1450
7949,1450
7950,1450
7951,1450
7952,1450
7953,1450
7954,1450
7955,1450
7956,1450
7957,1450
7958,1450
7959,1450
7960,1450
7961,1450
7962,1450
7963,1450
7964,1450
7965,1450
7966,1450
7967,1450
7968,1450
7969,1450
7970,1450
7971,1450
7972,1450
7973,1450
7974,1450
7975,1450
7976,1450
7977,1450
7978,1450
7979,1450
7980,1450
7981,1450
7982,1450
7983,1450
7984,1450
7985,1450
7986,1450
7987,1450
7988,1450
7989,1450
7990,1450
7991,1450
7992,1450
7993,1450
7994,1450
7995,1450
7996,1450
7997,1450
7998,1450
7999,1450
8000,1450
8001,1450
8002,1485
8003,1450
8004,1450
8005,1450
8006,1444
8007,1450
8008,1450
8009,1450
8010,1450
8011,1450
8012,1450
8013,1511
8014,1434
8015,1450
8016,1450
8017,1450
8018,1450
8019,1463
8020,1450
8021,1450
8022,1450
8023,1463
8024,1450
8025,1450
8026,1450
8027,1433
8028,1450
8029,1452
8030,1453
8031,1450
8032,1467
8033,1450
8034,1438
8035,1450
8036,1450
8037,1450
8038,1450
8039,1450
8040,1423
8041,1480
8042,1417
8043,1432
8044,1450
8045,1450
8046,1510
8047,1450
8048,1450
8049,1450
8050,1466
8051,1450
8052,1450
8053,1461
8054,1456
8055,1481
8056,1449
8057,1450
8058,1449
8059,1477
8060,1434
8061,1450
8062,1450
8063,1450
8064,1450
8065,1450
8066,1450
8067,1450
8068,1450
8069,1450
8070,1471
8071,1450
8072,1478
8073,1450
8074,1450
8075,1450
8076,1450
8077,1450
8078,1450
8079,1542
8080,1469
8081,1492
8082,1437
8083,1515
8084,1490
8085,1517
8086,1450
8087,1450
8088,1460
8089,1465
8090,1455
8091,1450
8092,1459
8093,1450
8094,1483
8095,1450
8096,1447
8097,1450
8098,1429
8099,1450
8100,1450
8101,1450
8102,1450
8103,1458
8104,1450
8105,1450
8106,1450
8107,1450
8108,1450
8109,1450
8110,1450
8111,1450
8112,1450
8113,1450
8114,1489
8115,1450
8116,1461
8117,1450
8118,1450
8119,1450
8120,1450
8121,1450
8122,1488
8123,1450
8124,1450
8125,1450
8126,1450
8127,1462
8128,1450
8129,1450
8130,1450
8131,1450
8132,1450
8133,1450
8134,1450
8135,1450
8136,1450
8137,1454
8138,1450
8139,1450
8140,1450
8141,1448
8142,1450
8143,1450
8144,1450
8145,1450
8146,1394
8147,1435
8148,1450
8149,1436
8150,1467
8151,1450
8152,1450
8153,1455
8154,1450
8155,1450
8156,1450
8157,1450
8158,1439
8159,1457
8160,1458
8161,1450
8162,1450
8163,1450
8164,1450
8165,1450
8166,1437
8167,1464
8168,1450
8169,1450
8170,1450
8171,1450
8172,1450
8173,1414
8174,1454
8175,1498
8176,1450
8177,1477
8178,1450
8179,1467
8180,1450
8181,1450
8182,1414
8183,1450
8184,1438
8185,1450
8186,1450
8187,1433
8188,1480
8189,1450
8190,1450
8191,1450
8192,1450
8193,1484
8194,1450
8195,1450
8196,1450
8197,1424
8198,1450
8199,1450
8200,1471
8201,1450
8202,1450
8203,1450
8204,1450
8205,1450
8206,1450
8207,1450
8208,1441
8209,1469
8210,1462
8211,1450
8212,1450
8213,1450
8214,1450
8215,1460
8216,1450
8217,1459
8218,1450
8219,1450
8220,1455
8221,1450
8222,1450
8223,1476
8224,1450
8225,1450
8226,1450
8227,1450
8228,1450
8229,1450
8230,1454
8231,1450
8232,1450
8233,1450
8234,1450
8235,1450
8236,1450
8237,1450
8238,1450
8239,1450
8240,1438
8241,1450
8242,1481
8243,1450
8244,1450
8245,1432
8246,1450
8247,1450
8248,1449
8249,1450
8250,1450
8251,1450
8252,1450
8253,1450
8254,1450
8255,1457
8256,1450
8257,1450
8258,1450
8259,1450
8260,1450
8261,1468
8262,1450
8263,1449
8264,1463
8265,1450
8266,1450
8267,1450
8268,1450
8269,1450
8270,1450
8271,1450
8272,1450
8273,1450
8274,1432
8275,1461
8276,1450
8277,1450
8278,1442
8279,1450
8280,1450
8281,1450
8282,1450
8283,1450
8284,1450
8285,1450
8286,1450
8287,1450
8288,1450
8289,1452
8290,1450
8291,1450
8292,1450
8293,1470
8294,1450
8295,1450
8296,1450
8297,1450
8298,1429
8299,1435
8300,1463
8301,1450
8302,1450
8303,1450
8304,1456
8305,1450
8306,1450
8307,1450
8308,1436
8309,1450
8310,1459
8311,1450
8312,1476
8313,1450
8314,1478
8315,1457
8316,1450
8317,1450
8318,1430
8319,1450
8320,1450
8321,1450
8322,1409
8323,1450
8324,1450
8325,1450
8326,1439
8327,1450
8328,1443
8329,1450
8330,1440
8331,1461
8332,1430
8333,1441
8334,1450
8335,1450
8336,1450
8337,1450
8338,1454
8339,1443
8340,1438
8341,1450
8342,1491
8343,1450
8344,1450
8345,1450
8346,1450
8347,1450
8348,1450
8349,1450
8350,1450
8351,1450
8352,1450
8353,1450
8354,1450
8355,1450
8356,1450
8357,1450
8358,1450
8359,1450
8360,1450
8361,1450
8362,1450
8363,1475
8364,1450
8365,1450
8366,1450
8367,1467
8368,1461
8369,1454
8370,1464
8371,1450
8372,1428
8373,1477
8374,1446
8375,1450
8376,1450
8377,1472
8378,1450
8379,1450
8380,1481
8381,1450
8382,1470
8383,1450
8384,1450
8385,1480
8386,1450
8387,1450
8388,1450
8389,1450
8390,1450
8391,1450
8392,1450
8393,1471
8394,1454
8395,1450
8396,1450
8397,1450
8398,1446
8399,1453
8400,1488
8401,1450
8402,1450
8403,1450
8404,1450
8405,1450
8406,1450
8407,1464
8408,1450
8409,1450
8410,1450
8411,1450
8412,1450
8413,1450
8414,1433
8415,1450
8416,1442
8417,1450
8418,1450
8419,1450
8420,1428
8421,1444
8422,1446
8423,1450
8424,1450
8425,1478
8426,1450
8427,1450
8428,1450
8429,1450
8430,1450
8431,1450
8432,1450
8433,1450
8434,1450
8435,1450
8436,1450
8437,1450
8438,1450
8439,1450
8440,1450
8441,1450
8442,1450
8443,1450
8444,1450
8445,1450
8446,1450
8447,1450
8448,1450
8449,1450
8450,1450
8451,1450
8452,1450
8453,1450
8454,1450
8455,1450
8456,1450
8457,1450
8458,1450
8459,1450
8460,1450
8461,1450
8462,1450
8463,1450
8464,1450
8465,1450
8466,1450
8467,1450
8468,1450
8469,1450
8470,1450
8471,1450
8472,1450
8473,1450
8474,1450
8475,1450
8476,1450
8477,1450
8478,1450
8479,1450
8480,1450
8481,1450
8482,1450
8483,1450
8484,1450
8485,1450
8486,1450
8487,1450
8488,1450
8489,1450
8490,1450
8491,1450
8492,1450
8493,1450
8494,1450
8495,1450
8496,1450
8497,1450
8498,1450
8499,1450
8500,1450
8501,1450
8502,1450
8503,1450
8504,1450
8505,1450
8506,1450
8507,1450
8508,1450
8509,1450
8510,1450
8511,1450
8512,1450
8513,1450
8514,1450
8515,1450
8516,1450
8517,1450
8518,1450
8519,1450
8520,1450
8521,1450
8522,1450
8523,1450
8524,1450
8525,1450
8526,1450
8527,1450
8528,1450
8529,1450
8530,1450
8531,1450
8532,1450
8533,1450
8534,1450
8535,1450
8536,1450
8537,1450
8538,1450
8539,1450
8540,1450
8541,1450
8542,1450
8543,1450
8544,1450
8545,1450
8546,1450
8547,1450
8548,1450
8549,1450
8550,1450
8551,1450
8552,1450
8553,1450
8554,1450
8555,1450
8556,1450
8557,1450
8558,1450
8559,1450
8560,1450
8561,1450
8562,1450
8563,1450
8564,1450
8565,1450
8566,1450
8567,1450
8568,1450
8569,1450
8570,1450
8571,1450
8572,1450
8573,1450
8574,1450
8575,1450
8576,1450
8577,1450
8578,1450
8579,1450
8580,1450
8581,1450
8582,1450
8583,1450
8584,1450
8585,1450
8586,1450
8587,1450
8588,1450
8589,1450
8590,1450
8591,1450
8592,1450
8593,1450
8594,1450
8595,1450
8596,1450
8597,1450
8598,1450
8599,1450
8600,1450
8601,1450
8602,1450
8603,1450
8604,1450
8605,1450
8606,1450
8607,1450
8608,1450
8609,1450
8610,1450
8611,1450
8612,1450
8613,1450
8614,1450
8615,1450
8616,1450
8617,1450
8618,1450
8619,1450
8620,1450
8621,1450
8622,1450
8623,1450
8624,1450
8625,1450
8626,1450
8627,1450
8628,1450
8629,1450
8630,1450
8631,1450
8632,1450
8633,1450
8634,1450
8635,1450
8636,1450
8637,1450
8638,1450
8639,1450
8640,1450
8641,1450
8642,1450
8643,1450
8644,1450
8645,1450
8646,1450
8647,1450
8648,1450
8649,1450
8650,1450
8651,1450
8652,1450
8653,1450
8654,1450
8655,1450
8656,1450
8657,1450
8658,1450
8659,1450
8660,1450
8661,1450
8662,1450
8663,1450
8664,1450
8665,1450
8666,1450
8667,1450
8668,1450
8669,1450
8670,1450
8671,1450
8672,1450
8673,1450
8674,1450
8675,1450
8676,1450
8677,1450
8678,1450
8679,1450
8680,1450
8681,1450
8682,1450
8683,1450
8684,1450
8685,1450
8686,1450
8687,1450
8688,1450
8689,1450
8690,1450
8691,1450
8692,1450
8693,1450
8694,1450
8695,1450
8696,1450
8697,1450
8698,1450
8699,1450
8700,1450
8701,1450
8702,1450
8703,1450
8704,1450
8705,1450
8706,1450
8707,1450
8708,1450
8709,1450
8710,1450
8711,1450
8712,1450
8713,1450
8714,1450
8715,1450
8716,1450
8717,1450
8718,1450
8719,1450
8720,1450
8721,1450
8722,1450
8723,1450
8724,1450
8725,1450
8726,1450
8727,1450
8728,1450
8729,1450
8730,1450
8731,1450
8732,1450
8733,1450
8734,1450
8735,1450
8736,1450
8737,1450
8738,1450
8739,1450
8740,1450
8741,1450
8742,1450
8743,1450
8744,1450
8745,1450
8746,1450
8747,1450
8748,1450
8749,1450
8750,1450
8751,1450
8752,1450
8753,1450
8754,1450
8755,1450
8756,1450
8757,1450
8758,1450
8759,1450
8760,1450
8761,1450
8762,1450
8763,1450
8764,1450
8765,1450
8766,1450
8767,1450
8768,1450
8769,1450
8770,1450
8771,1450
8772,1450
8773,1450
8774,1450
8775,1450
8776,1450
8777,1450
8778,1450
8779,1450
8780,1450
8781,1450
8782,1450
8783,1450
8784,1450
8785,1450
8786,1450
8787,1450
8788,1450
8789,1450
8790,1450
8791,1450
8792,1450
8793,1450
8794,1450
8795,1450
8796,1450
8797,1450
8798,1450
8799,1450
8800,1450
8801,1450
8802,1450
8803,1450
8804,1450
8805,1450
8806,1450
8807,1450
8808,1450
8809,1450
8810,1450
8811,1450
8812,1450
8813,1450
8814,1450
8815,1450
8816,1450
8817,1450
8818,1450
8819,1450
8820,1450
8821,1450
8822,1450
8823,1450
8824,1450
8825,1450
8826,1450
8827,1450
8828,1450
8829,1450
8830,1450
8831,1450
8832,1450
8833,1450
8834,1450
8835,1450
8836,1450
8837,1450
8838,1450
8839,1450
8840,1450
8841,1450
8842,1450
8843,1450
8844,1450
8845,1450
8846,1450
8847,1450
8848,1450
8849,1450
8850,1450
8851,1450
8852,1450
8853,1450
8854,1450
8855,1450
8856,1450
8857,1450
8858,1450
8859,1450
8860,1450
8861,1450
8862,1450
8863,1450
8864,1450
8865,1450
8866,1450
8867,1450
8868,1450
8869,1450
8870,1450
8871,1450
8872,1450
8873,1450
8874,1450
8875,1450
8876,1450
8877,1450
8878,1450
8879,1450
8880,1450
8881,1450
8882,1450
8883,1450
8884,1450
8885,1450
8886,1450
8887,1450
8888,1450
8889,1450
8890,1450
8891,1450
8892,1450
8893,1450
8894,1450
8895,1450
8896,1450
8897,1450
8898,1450
8899,1450
8900,1450
8901,1450
8902,1450
8903,1450
8904,1450
8905,1450
8906,1450
8907,1450
8908,1450
8909,1450
8910,1450
8911,1450
8912,1450
8913,1450
8914,1450
8915,1450
8916,1450
8917,1450
8918,1450
8919,1450
8920,1450
8921,1450
8922,1450
8923,1450
8924,1450
8925,1450
8926,1450
8927,1450
8928,1450
8929,1450
8930,1450
8931,1450
8932,1450
8933,1450
8934,1450
8935,1450
8936,1450
8937,1450
8938,1450
8939,1450
8940,1450
8941,1450
8942,1450
8943,1450
8944,1450
8945,1450
8946,1450
8947,1450
8948,1450
8949,1450
8950,1450
8951,1450
8952,1450
8953,1450
8954,1450
8955,1450
8956,1450
8957,1450
8958,1450
8959,1450
8960,1450
8961,1450
8962,1450
8963,1450
8964,1450
8965,1450
8966,1450
8967,1450
8968,1450
8969,1450
8970,1450
8971,1450
8972,1450
8973,1450
8974,1450
8975,1450
8976,1450
8977,1450
8978,1450
8979,1450
8980,1450
8981,1450
8982,1450
8983,1450
8984,1450
8985,1450
8986,1450
8987,1450
8988,1450
8989,1450
8990,1450
8991,1450
8992,1450
8993,1450
8994,1450
8995,1450
8996,1450
8997,1450
8998,1450
8999,1450
9000,1450
9001,1450
9002,1450
9003,1450
9004,1450
9005,1450
9006,1450
9007,1450
9008,1450
9009,1450
9010,1450
9011,1450
9012,1450
9013,1450
9014,1450
9015,1450
9016,1450
9017,1450
9018,1450
9019,1450
9020,1450
9021,1450
9022,1450
9023,1450
9024,1450
9025,1450
9026,1450
9027,1450
9028,1450
9029,1450
9030,1450
9031,1450
9032,1450
9033,1450
9034,1450
9035,1450
9036,1450
9037,1450
9038,1450
9039,1450
9040,1450
9041,1450
9042,1450
9043,1450
9044,1450
9045,1450
9046,1450
9047,1450
9048,1450
9049,1450
9050,1450
9051,1450
9052,1450
9053,1450
9054,1450
9055,1450
9056,1450
9057,1450
9058,1450
9059,1450
9060,1450
9061,1450
9062,1450
9063,1450
9064,1450
9065,1450
9066,1450
9067,1450
9068,1450
9069,1450
9070,1450
9071,1450
9072,1450
9073,1450
9074,1450
9075,1450
9076,1450
9077,1450
9078,1450
9079,1450
9080,1450
9081,1450
9082,1450
9083,1450
9084,1450
9085,1450
9086,1450
9087,1450
9088,1450
9089,1450
9090,1450
9091,1450
9092,1450
9093,1450
9094,1450
9095,1450
9096,1450
9097,1450
9098,1450
9099,1450
9100,1450
9101,1450
9102,1450
9103,1450
9104,1450
9105,1450
9106,1450
9107,1450
9108,1450
9109,1450
9110,1450
9111,1450
9112,1450
9113,1450
9114,1450
9115,1450
9116,1450
9117,1450
9118,1450
9119,1450
9120,1450
9121,1450
9122,1450
9123,1450
9124,1450
9125,1450
9126,1450
9127,1450
9128,1450
9129,1450
9130,1450
9131,1450
9132,1450
9133,1450
9134,1450
9135,1450
9136,1450
9137,1450
9138,1450
9139,1450
9140,1450
9141,1450
9142,1450
9143,1450
9144,1450
9145,1450
9146,1450
9147,1450
9148,1450
9149,1450
9150,1450
9151,1450
9152,1450
9153,1450
9154,1450
9155,1450
9156,1450
9157,1450
9158,1450
9159,1450
9160,1450
9161,1450
9162,1450
9163,1450
9164,1450
9165,1450
9166,1450
9167,1450
9168,1450
9169,1450
9170,1450
9171,1450
9172,1450
9173,1450
9174,1450
9175,1450
9176,1450
9177,1450
9178,1450
9179,1450
9180,1450
9181,1450
9182,1450
9183,1450
9184,1450
9185,1450
9186,1450
9187,1450
9188,1450
9189,1450
9190,1450
9191,1450
9192,1450
9193,1450
9194,1450
9195,1450
9196,1450
9197,1450
9198,1450
9199,1450
9200,1450
9201,1450
9202,1450
9203,1450
9204,1450
9205,1450
9206,1450
9207,1450
9208,1450
9209,1450
9210,1450
9211,1450
9212,1450
9213,1450
9214,1450
9215,1450
9216,1450
9217,1450
9218,1450
9219,1450
9220,1450
9221,1450
9222,1450
9223,1450
9224,1450
9225,1450
9226,1450
9227,1450
9228,1450
9229,1450
9230,1450
9231,1450
9232,1450
9233,1450
9234,1450
9235,1450
9236,1450
9237,1450
9238,1450
9239,1450
9240,1450
9241,1450
9242,1450
9243,1450
9244,1450
9245,1450
9246,1450
9247,1450
9248,1450
9249,1450
9250,1450
9251,1450
9252,1450
9253,1450
9254,1450
9255,1450
9256,1450
9257,1450
9258,1450
9259,1450
9260,1450
9261,1450
9262,1450
9263,1450
9264,1450
9265,1450
9266,1450
9267,1450
9268,1450
9269,1450
9270,1450
9271,1450
9272,1450
9273,1450
9274,1450
9275,1450
9276,1450
9277,1450
9278,1450
9279,1450
9280,1450
9281,1450
9282,1450
9283,1450
9284,1450
9285,1450
9286,1450
9287,1450
9288,1450
9289,1450
9290,1450
9291,1450
9292,1450
9293,1450
9294,1450
9295,1450
9296,1450
9297,1450
9298,1450
9299,1450
9300,1450
9301,1450
9302,1450
9303,1450
9304,1450
9305,1450
9306,1450
9307,1450
9308,1450
9309,1450
9310,1450
9311,1450
9312,1450
9313,1450
9314,1450
9315,1450
9316,1450
9317,1450
9318,1450
9319,1450
9320,1450
9321,1450
9322,1450
9323,1450
9324,1450
9325,1450
9326,1450
9327,1450
9328,1450
9329,1450
9330,1450
9331,1450
9332,1450
9333,1450
9334,1450
9335,1450
9336,1450
9337,1450
9338,1450
9339,1450
9340,1450
9341,1450
9342,1450
9343,1450
9344,1450
9345,1450
9346,1450
9347,1450
9348,1450
9349,1450
9350,1450
9351,1450
9352,1450
9353,1450
9354,1450
9355,1450
9356,1450
9357,1450
9358,1450
9359,1450
9360,1450
9361,1450
9362,1450
9363,1450
9364,1450
9365,1450
9366,1450
9367,1450
9368,1450
9369,1450
9370,1450
9371,1450
9372,1450
9373,1450
9374,1450
9375,1450
9376,1450
9377,1450
9378,1450
9379,1450
9380,1450
9381,1450
9382,1450
9383,1450
9384,1450
9385,1450
9386,1450
9387,1450
9388,1450
9389,1450
9390,1450
9391,1450
9392,1450
9393,1450
9394,1450
9395,1450
9396,1450
9397,1450
9398,1450
9399,1450
9400,1450
9401,1450
9402,1450
9403,1450
9404,1450
9405,1450
9406,1450
9407,1450
9408,1450
9409,1450
9410,1450
9411,1450
9412,1450
9413,1450
9414,1450
9415,1450
9416,1450
9417,1450
9418,1450
9419,1450
9420,1450
9421,1450
9422,1450
9423,1450
9424,1450
9425,1450
9426,1450
9427,1450
9428,1450
9429,1450
9430,1450
9431,1450
9432,1450
9433,1450
9434,1450
9435,1450
9436,1450
9437,1450
9438,1450
9439,1450
9440,1450
9441,1450
9442,1450
9443,1450
9444,1450
9445,1450
9446,1450
9447,1450
9448,1450
9449,1450
9450,1450
9451,1450
9452,1450
9453,1450
9454,1450
9455,1450
9456,1450
9457,1450
9458,1450
9459,1450
9460,1450
9461,1450
9462,1450
9463,1450
9464,1450
9465,1450
9466,1450
9467,1450
9468,1450
9469,1450
9470,1450
9471,1450
9472,1450
9473,1450
9474,1450
9475,1450
9476,1450
9477,1450
9478,1450
9479,1450
9480,1450
9481,1450
9482,1450
9483,1450
9484,1450
9485,1450
9486,1450
9487,1450
9488,1450
9489,1450
9490,1450
9491,1450
9492,1450
9493,1450
9494,1450
9495,1450
9496,1450
9497,1450
9498,1450
9499,1450
9500,1450
9501,1450
9502,1450
9503,1450
9504,1450
9505,1450
9506,1450
9507,1450
9508,1450
9509,1450
9510,1450
9511,1450
9512,1450
9513,1450
9514,1450
9515,1450
9516,1450
9517,1450
9518,1450
9519,1450
9520,1450
9521,1450
9522,1450
9523,1450
9524,1450
9525,1450
9526,1450
9527,1450
9528,1450
9529,1450
9530,1450
9531,1450
9532,1450
9533,1450
9534,1450
9535,1450
9536,1450
9537,1450
9538,1450
9539,1450
9540,1450
9541,1450
9542,1450
9543,1450
9544,1450
9545,1450
9546,1450
9547,1450
9548,1450
9549,1450
9550,1450
9551,1450
9552,1450
9553,1450
9554,1450
9555,1450
9556,1450
9557,1450
9558,1450
9559,1450
9560,1450
9561,1450
9562,1450
9563,1450
9564,1450
9565,1450
9566,1450
9567,1450
9568,1450
9569,1450
9570,1450
9571,1450
9572,1450
9573,1450
9574,1450
9575,1450
9576,1450
9577,1450
9578,1450
9579,1450
9580,1450
9581,1450
9582,1450
9583,1450
9584,1450
9585,1450
9586,1450
9587,1450
9588,1450
9589,1450
9590,1450
9591,1450
9592,1450
9593,1450
9594,1450
9595,1450
9596,1450
9597,1450
9598,1450
9599,1450
9600,1450
9601,1450
9602,1450
9603,1450
9604,1450
9605,1450
9606,1450
9607,1450
9608,1450
9609,1450
9610,1450
9611,1450
9612,1450
9613,1450
9614,1450
9615,1450
9616,1450
9617,1450
9618,1450
9619,1450
9620,1450
9621,1450
9622,1450
9623,1450
9624,1450
9625,1450
9626,1450
9627,1450
9628,1450
9629,1450
9630,1450
9631,1450
9632,1450
9633,1450
9634,1450
9635,1450
9636,1450
9637,1450
9638,1450
9639,1450
9640,1450
9641,1450
9642,1450
9643,1450
9644,1450
9645,1450
9646,1450
9647,1450
9648,1450
9649,1450
9650,1450
9651,1450
9652,1450
9653,1450
9654,1450
9655,1450
9656,1450
9657,1450
9658,1450
9659,1450
9660,1450
9661,1450
9662,1450
9663,1450
9664,1450
9665,1450
9666,1450
9667,1450
9668,1450
9669,1450
9670,1450
9671,1450
9672,1450
9673,1450
9674,1450
9675,1450
9676,1450
9677,1450
9678,1450
9679,1450
9680,1450
9681,1450
9682,1450
9683,1450
9684,1450
9685,1450
9686,1450
9687,1450
9688,1450
9689,1450
9690,1450
9691,1450
9692,1450
9693,1450
9694,1450
9695,1450
9696,1450
9697,1450
9698,1450
9699,1450
9700,1450
9701,1450
9702,1450
9703,1450
9704,1450
9705,1450
9706,1450
9707,1450
9708,1450
9709,1450
9710,1450
9711,1450
9712,1450
9713,1450
9714,1450
9715,1450
9716,1450
9717,1450
9718,1450
9719,1450
9720,1450
9721,1450
9722,1450
9723,1450
9724,1450
9725,1450
9726,1450
9727,1450
9728,1450
9729,1450
9730,1450
9731,1450
9732,1450
9733,1450
9734,1450
9735,1450
9736,1450
9737,1450
9738,1450
9739,1450
9740,1450
9741,1450
9742,1450
9743,1450
9744,1450
9745,1450
9746,1450
9747,1450
9748,1450
9749,1450
9750,1450
9751,1450
9752,1450
9753,1450
9754,1450
9755,1450
9756,1450
9757,1450
9758,1450
9759,1450
9760,1450
9761,1450
9762,1450
9763,1450
9764,1450
9765,1450
9766,1450
9767,1450
9768,1450
9769,1450
9770,1450
9771,1450
9772,1450
9773,1450
9774,1450
9775,1450
9776,1450
9777,1450
9778,1450
9779,1450
9780,1450
9781,1450
9782,1450
9783,1450
9784,1450
9785,1450
9786,1450
9787,1450
9788,1450
9789,1450
9790,1450
9791,1450
9792,1450
9793,1450
9794,1450
9795,1450
9796,1450
9797,1450
9798,1450
9799,1450
9800,1450
9801,1450
9802,1450
9803,1450
9804,1450
9805,1450
9806,1450
9807,1450
9808,1450
9809,1450
9810,1450
9811,1450
9812,1450
9813,1450
9814,1450
9815,1450
9816,1450
9817,1450
9818,1450
9819,1450
9820,1450
9821,1450
9822,1450
9823,1450
9824,1450
9825,1450
9826,1450
9827,1450
9828,1450
9829,1450
9830,1450
9831,1450
9832,1450
9833,1450
9834,1450
9835,1450
9836,1450
9837,1450
9838,1450
9839,1450
9840,1450
9841,1450
9842,1450
9843,1450
9844,1450
9845,1450
9846,1450
9847,1450
9848,1450
9849,1450
9850,1450
9851,1450
9852,1450
9853,1450
9854,1450
9855,1450
9856,1450
9857,1450
9858,1450
9859,1450
9860,1450
9861,1450
9862,1450
9863,1450
9864,1450
9865,1450
9866,1450
9867,1450
9868,1450
9869,1450
9870,1450
9871,1450
9872,1450
9873,1450
9874,1450
9875,1450
9876,1450
9877,1450
9878,1450
9879,1450
9880,1450
9881,1450
9882,1450
9883,1450
9884,1450
9885,1450
9886,1450
9887,1450
9888,1450
9889,1450
9890,1450
9891,1450
9892,1450
9893,1450
9894,1450
9895,1450
9896,1450
9897,1450
9898,1450
9899,1450
9900,1450
9901,1450
9902,1450
9903,1450
9904,1450
9905,1450
9906,1450
9907,1450
9908,1450
9909,1450
9910,1450
9911,1450
9912,1450
9913,1450
9914,1450
9915,1450
9916,1450
9917,1450
9918,1450
9919,1450
9920,1450
9921,1450
9922,1450
9923,1450
9924,1450
9925,1450
9926,1450
9927,1450
9928,1450
9929,1450
9930,1450
9931,1450
9932,1450
9933,1450
9934,1450
9935,1450
9936,1450
9937,1450
9938,1450
9939,1450
9940,1450
9941,1450
9942,1450
9943,1450
9944,1450
9945,1450
9946,1450
9947,1450
9948,1450
9949,1450
9950,1450
9951,1450
9952,1450
9953,1450
9954,1450
9955,1450
9956,1450
9957,1450
9958,1450
9959,1450
9960,1450
9961,1450
9962,1450
9963,1450
9964,1450
9965,1450
9966,1450
9967,1450
9968,1450
9969,1450
9970,1450
9971,1450
9972,1450
9973,1450
9974,1450
9975,1450
9976,1450
9977,1450
9978,1450
9979,1450
9980,1450
9981,1450
9982,1450
9983,1450
9984,1450
9985,1450
9986,1450
9987,1450
9988,1450
9989,1450
9990,1450
9991,1450
9992,1450
9993,1450
9994,1450
9995,1450
9996,1450
9997,1450
9998,1450
9999,1450
10000,1450